class_date,user_id,category,coach_id,language,level,challenge_id,country,subscription_date,platform,class_id,stars,anno,mese,quadrimestre
2023-02-01,2,meditation,102,it,basic,3,it,2022-01-06,tv,2157,1,2023,2023-02,2023Q1
2023-05-22,241,power yoga,111,it,basic,1,it,2022-05-11,pc,6172,3,2023,2023-05,2023Q2
2022-08-06,173,power yoga,117,it,advanced,3,it,2021-12-12,pc,6255,2,2022,2022-08,2022Q3
2023-08-08,217,hatha,100,en,intermediate,3,uk,2022-02-07,tv,3317,4,2023,2023-08,2023Q3
2022-03-11,230,power yoga,113,fr,basic,2,fr,2020-01-09,pc,6159,1,2022,2022-03,2022Q1
2021-05-23,103,meditation,111,fr,basic,1,fr,2020-03-25,tv,2194,3,2021,2021-05,2021Q2
2023-05-14,217,power yoga,114,it,basic,3,it,2022-02-07,pc,6122,5,2023,2023-05,2023Q2
2022-06-09,212,power yoga,108,it,advanced,3,it,2020-02-27,pc,6242,3,2022,2022-06,2022Q2
2023-09-22,199,vinyasa,110,it,advanced,2,it,2020-07-27,tv,4280,2,2023,2023-09,2023Q3
2022-03-12,120,meditation,119,fr,advanced,0,fr,2021-09-23,tv,2254,2,2022,2022-03,2022Q1
2023-09-16,236,power yoga,105,it,intermediate,1,it,2022-05-19,tv,6372,2,2023,2023-09,2023Q3
2023-06-25,47,power yoga,116,it,basic,1,it,2022-08-10,tv,6127,1,2023,2023-06,2023Q2
2022-06-24,7,vinyasa,112,it,intermediate,0,it,2021-09-01,mobile,431,5,2022,2022-06,2022Q2
2022-07-27,17,power yoga,115,fr,basic,3,fr,2021-07-02,pc,6112,2,2022,2022-07,2022Q3
2023-01-05,227,power yoga,119,en,intermediate,1,uk,2022-02-17,tv,6362,1,2023,2023-01,2023Q1
2023-09-26,229,hatha,111,it,basic,1,it,2021-04-24,tv,3124,2,2023,2023-09,2023Q3
2023-08-14,100,vinyasa,119,it,advanced,3,it,2022-02-02,mobile,4291,5,2023,2023-08,2023Q3
2022-05-02,102,vinyasa,111,en,advanced,3,uk,2021-05-10,pc,4217,2,2022,2022-05,2022Q2
2023-12-09,215,hatha,116,it,advanced,0,it,2022-05-05,mobile,3239,1,2023,2023-12,2023Q4
2023-05-23,10,vinyasa,102,it,basic,2,it,2022-08-05,mobile,4141,1,2023,2023-05,2023Q2
2023-06-04,31,power yoga,109,en,advanced,3,uk,2022-09-07,tv,6267,4,2023,2023-06,2023Q2
2022-03-12,159,power yoga,108,it,advanced,0,it,2021-06-21,pc,6296,4,2022,2022-03,2022Q1
2023-05-23,155,vinyasa,115,fr,advanced,2,fr,2022-12-19,tv,4261,1,2023,2023-05,2023Q2
2023-12-26,5,vinyasa,122,en,advanced,0,uk,2022-01-25,mobile,4274,4,2023,2023-12,2023Q4
2022-09-13,220,vinyasa,106,en,basic,3,uk,2021-11-05,mobile,4124,2,2022,2022-09,2022Q3
2023-12-06,196,power yoga,122,en,intermediate,0,uk,2022-06-04,tv,6379,1,2023,2023-12,2023Q4
2022-04-15,166,power yoga,101,it,basic,1,it,2021-07-22,mobile,6156,3,2022,2022-04,2022Q2
2021-10-24,103,power yoga,110,fr,basic,0,fr,2020-03-25,pc,6139,1,2021,2021-10,2021Q4
2022-03-07,127,hatha,101,en,intermediate,0,uk,2021-05-26,tv,3310,5,2022,2022-03,2022Q1
2022-04-11,170,power yoga,115,en,advanced,1,uk,2021-10-07,pc,6250,4,2022,2022-04,2022Q2
2023-10-02,23,power yoga,113,en,advanced,1,uk,2021-09-20,pc,6216,5,2023,2023-10,2023Q4
2022-06-24,94,meditation,102,en,advanced,1,uk,2020-03-24,tv,2249,5,2022,2022-06,2022Q2
2021-06-17,225,vinyasa,104,it,intermediate,1,it,2020-12-25,mobile,4324,5,2021,2021-06,2021Q2
2022-10-19,9,meditation,107,en,basic,0,uk,2021-03-21,tv,211,1,2022,2022-10,2022Q4
2021-07-07,157,hatha,105,it,advanced,2,it,2020-02-12,tv,3283,2,2021,2021-07,2021Q3
2023-09-03,109,vinyasa,111,en,advanced,1,uk,2022-08-08,mobile,4247,4,2023,2023-09,2023Q3
2023-09-16,54,power yoga,121,it,advanced,0,it,2022-05-02,pc,6293,2,2023,2023-09,2023Q3
2023-03-14,5,vinyasa,111,fr,intermediate,0,fr,2022-01-25,tv,4346,4,2023,2023-03,2023Q1
2023-02-27,206,vinyasa,103,en,advanced,1,uk,2020-11-07,tv,4211,5,2023,2023-02,2023Q1
2022-05-13,1,hatha,121,it,basic,1,it,2021-05-20,pc,3176,3,2022,2022-05,2022Q2
2022-04-25,159,vinyasa,101,fr,advanced,1,fr,2021-06-21,pc,421,1,2022,2022-04,2022Q2
2023-07-02,162,hatha,103,fr,basic,0,fr,2022-09-06,tv,3149,5,2023,2023-07,2023Q3
2023-11-25,237,power yoga,117,en,advanced,3,uk,2022-03-23,tv,6283,5,2023,2023-11,2023Q4
2022-03-25,175,vinyasa,107,it,advanced,3,it,2021-02-27,pc,425,2,2022,2022-03,2022Q1
2022-09-21,204,power yoga,110,it,basic,0,it,2021-07-27,tv,612,3,2022,2022-09,2022Q3
2022-07-23,211,meditation,121,fr,intermediate,1,fr,2021-10-17,tv,2341,4,2022,2022-07,2022Q3
2023-11-02,162,hatha,122,it,advanced,0,it,2022-09-06,pc,3231,5,2023,2023-11,2023Q4
2022-03-05,6,power yoga,100,it,advanced,1,it,2020-09-14,tv,6274,4,2022,2022-03,2022Q1
2022-07-06,166,vinyasa,115,it,basic,1,it,2021-07-22,mobile,4147,1,2022,2022-07,2022Q3
2023-01-11,217,power yoga,111,it,advanced,2,it,2022-02-07,pc,6251,1,2023,2023-01,2023Q1
2022-04-05,73,vinyasa,119,en,intermediate,1,uk,2020-11-14,pc,4350,5,2022,2022-04,2022Q2
2023-08-07,165,power yoga,105,en,advanced,0,uk,2020-08-03,tv,6249,4,2023,2023-08,2023Q3
2021-07-16,3,power yoga,115,it,basic,2,it,2020-07-22,mobile,6173,4,2021,2021-07,2021Q3
2023-03-16,133,power yoga,113,en,basic,2,uk,2022-07-19,pc,612,2,2023,2023-03,2023Q1
2021-02-02,117,hatha,110,it,advanced,3,it,2020-07-13,pc,3238,1,2021,2021-02,2021Q1
2022-09-09,229,vinyasa,120,it,intermediate,0,it,2021-04-24,tv,433,2,2022,2022-09,2022Q3
2023-03-27,25,hatha,109,en,advanced,1,uk,2021-10-28,pc,3299,4,2023,2023-03,2023Q1
2023-11-16,200,vinyasa,110,it,advanced,1,it,2022-03-24,mobile,4295,2,2023,2023-11,2023Q4
2022-09-18,128,power yoga,120,en,advanced,0,uk,2021-01-26,tv,6245,2,2022,2022-09,2022Q3
2023-06-03,154,hatha,111,it,intermediate,0,it,2022-06-27,tv,3320,3,2023,2023-06,2023Q2
2023-03-26,141,power yoga,115,en,intermediate,3,uk,2021-05-23,tv,6388,3,2023,2023-03,2023Q1
2022-06-16,57,meditation,100,en,advanced,1,uk,2020-07-11,mobile,229,3,2022,2022-06,2022Q2
2021-10-08,144,power yoga,101,en,advanced,0,uk,2020-04-13,pc,6221,1,2021,2021-10,2021Q4
2023-09-17,173,vinyasa,119,it,advanced,2,it,2021-12-12,tv,423,1,2023,2023-09,2023Q3
2023-01-28,98,vinyasa,107,en,advanced,1,uk,2020-09-26,pc,4283,2,2023,2023-01,2023Q1
2023-02-09,96,vinyasa,117,it,basic,1,it,2020-12-03,pc,4186,1,2023,2023-02,2023Q1
2023-11-15,192,hatha,111,fr,intermediate,0,fr,2020-05-01,tv,3385,5,2023,2023-11,2023Q4
2021-03-08,103,vinyasa,119,en,basic,3,uk,2020-03-25,tv,4111,1,2021,2021-03,2021Q1
2023-02-11,88,vinyasa,103,en,basic,1,uk,2022-11-12,pc,4132,2,2023,2023-02,2023Q1
2022-04-11,113,vinyasa,109,en,basic,0,uk,2021-01-18,tv,4165,2,2022,2022-04,2022Q2
2022-10-13,171,hatha,116,it,advanced,1,it,2021-08-09,pc,3226,3,2022,2022-10,2022Q4
2023-04-03,121,hatha,111,it,advanced,1,it,2020-11-03,mobile,3229,4,2023,2023-04,2023Q2
2022-08-12,223,hatha,116,en,intermediate,3,uk,2020-12-01,mobile,3353,1,2022,2022-08,2022Q3
2023-07-11,118,vinyasa,118,en,advanced,1,uk,2021-04-27,pc,4260,3,2023,2023-07,2023Q3
2021-03-20,199,vinyasa,118,en,basic,0,uk,2020-07-27,pc,4169,1,2021,2021-03,2021Q1
2022-05-09,209,meditation,100,fr,intermediate,1,fr,2020-07-06,tv,2326,1,2022,2022-05,2022Q2
2023-11-18,87,hatha,106,it,intermediate,3,it,2021-09-12,tv,3381,5,2023,2023-11,2023Q4
2023-07-04,99,power yoga,109,it,intermediate,0,it,2022-01-20,tv,6311,3,2023,2023-07,2023Q3
2023-05-22,163,power yoga,112,it,advanced,3,it,2022-11-28,tv,6295,1,2023,2023-05,2023Q2
2023-07-28,163,meditation,100,fr,advanced,1,fr,2022-11-28,pc,2266,3,2023,2023-07,2023Q3
2023-11-06,12,power yoga,118,en,advanced,1,uk,2022-08-21,pc,6233,3,2023,2023-11,2023Q4
2021-10-09,172,hatha,101,it,intermediate,3,it,2020-04-22,tv,3323,5,2021,2021-10,2021Q4
2023-11-18,1,vinyasa,115,fr,intermediate,0,fr,2021-05-20,tv,4324,3,2023,2023-11,2023Q4
2022-09-18,83,vinyasa,111,en,intermediate,0,uk,2020-07-23,tv,438,1,2022,2022-09,2022Q3
2023-07-17,196,vinyasa,108,it,basic,0,it,2022-06-04,pc,4117,5,2023,2023-07,2023Q3
2022-11-05,55,meditation,122,en,advanced,2,uk,2020-11-28,pc,2245,5,2022,2022-11,2022Q4
2023-03-01,201,vinyasa,110,it,basic,2,it,2022-11-25,tv,4183,2,2023,2023-03,2023Q1
2022-06-10,58,power yoga,106,fr,basic,2,fr,2021-11-18,pc,6196,2,2022,2022-06,2022Q2
2023-04-10,129,power yoga,118,fr,basic,2,fr,2022-11-10,mobile,617,1,2023,2023-04,2023Q2
2023-03-22,206,vinyasa,109,it,advanced,3,it,2020-11-07,pc,4268,1,2023,2023-03,2023Q1
2023-01-28,212,meditation,119,it,advanced,1,it,2020-02-27,pc,2213,3,2023,2023-01,2023Q1
2023-06-08,108,vinyasa,118,en,advanced,1,uk,2021-12-08,mobile,4242,5,2023,2023-06,2023Q2
2023-08-25,48,power yoga,109,en,intermediate,0,uk,2020-10-21,tv,6331,1,2023,2023-08,2023Q3
2023-08-05,210,hatha,114,it,advanced,3,it,2022-09-24,mobile,3292,3,2023,2023-08,2023Q3
2023-03-21,61,hatha,108,it,advanced,3,it,2020-08-09,pc,3235,3,2023,2023-03,2023Q1
2023-06-20,241,hatha,117,it,advanced,1,it,2022-05-11,pc,3257,5,2023,2023-06,2023Q2
2023-03-12,47,power yoga,107,it,advanced,2,it,2022-08-10,tv,6224,4,2023,2023-03,2023Q1
2023-11-06,245,hatha,122,fr,basic,2,fr,2022-11-28,pc,3178,3,2023,2023-11,2023Q4
2022-03-06,176,power yoga,104,it,advanced,2,it,2021-01-07,tv,6235,2,2022,2022-03,2022Q1
2021-07-19,49,power yoga,104,en,advanced,3,uk,2020-10-24,tv,6278,2,2021,2021-07,2021Q3
2021-04-01,110,power yoga,105,it,basic,1,it,2020-01-06,tv,613,1,2021,2021-04,2021Q2
2023-02-18,17,vinyasa,116,en,basic,2,uk,2021-07-02,tv,4172,4,2023,2023-02,2023Q1
2023-07-10,117,hatha,106,en,basic,1,uk,2020-07-13,tv,3139,2,2023,2023-07,2023Q3
2023-02-19,200,vinyasa,116,it,basic,0,it,2022-03-24,pc,4196,3,2023,2023-02,2023Q1
2023-12-01,82,hatha,121,it,basic,2,it,2022-01-21,tv,3112,5,2023,2023-12,2023Q4
2023-01-25,195,power yoga,101,en,intermediate,2,uk,2022-12-09,tv,6331,3,2023,2023-01,2023Q1
2023-10-23,204,power yoga,100,it,intermediate,1,it,2021-07-27,tv,6312,4,2023,2023-10,2023Q4
2021-12-03,121,power yoga,118,fr,advanced,1,fr,2020-11-03,tv,6295,4,2021,2021-12,2021Q4
2023-10-20,140,hatha,120,en,advanced,3,uk,2021-10-03,pc,3255,2,2023,2023-10,2023Q4
2023-03-17,183,power yoga,105,it,advanced,3,it,2021-08-20,pc,6244,5,2023,2023-03,2023Q1
2023-09-14,95,power yoga,102,fr,advanced,0,fr,2022-03-10,pc,6283,2,2023,2023-09,2023Q3
2022-04-14,46,power yoga,117,it,advanced,0,it,2021-05-08,pc,6233,1,2022,2022-04,2022Q2
2023-06-08,124,power yoga,111,en,basic,1,uk,2022-09-14,tv,6115,4,2023,2023-06,2023Q2
2023-01-07,68,vinyasa,103,it,intermediate,3,it,2020-12-14,pc,4339,2,2023,2023-01,2023Q1
2021-07-11,89,vinyasa,106,fr,advanced,0,fr,2020-01-02,mobile,4239,2,2021,2021-07,2021Q3
2023-03-06,188,power yoga,118,it,advanced,3,it,2022-06-13,pc,6212,1,2023,2023-03,2023Q1
2022-02-08,176,hatha,120,it,basic,3,it,2021-01-07,pc,319,4,2022,2022-02,2022Q1
2023-01-11,156,vinyasa,109,en,intermediate,0,uk,2022-02-18,tv,4349,3,2023,2023-01,2023Q1
2023-07-06,81,hatha,105,en,basic,0,uk,2022-08-23,tv,3191,1,2023,2023-07,2023Q3
2022-09-17,148,power yoga,115,en,intermediate,3,uk,2021-04-24,tv,6355,5,2022,2022-09,2022Q3
2023-04-11,50,meditation,110,fr,advanced,2,fr,2021-02-18,mobile,221,4,2023,2023-04,2023Q2
2023-05-01,92,power yoga,106,it,intermediate,1,it,2021-10-24,mobile,6331,3,2023,2023-05,2023Q2
2023-02-17,181,meditation,116,it,basic,2,it,2020-12-09,tv,2141,4,2023,2023-02,2023Q1
2023-11-04,218,meditation,109,it,advanced,1,it,2021-02-16,mobile,2225,1,2023,2023-11,2023Q4
2023-10-17,102,vinyasa,110,en,basic,0,uk,2021-05-10,pc,4110,5,2023,2023-10,2023Q4
2023-12-05,10,vinyasa,102,it,advanced,1,it,2022-08-05,mobile,4285,2,2023,2023-12,2023Q4
2022-05-24,189,hatha,110,fr,basic,0,fr,2021-06-05,tv,317,5,2022,2022-05,2022Q2
2023-12-01,125,power yoga,101,en,advanced,0,uk,2021-04-17,tv,6242,3,2023,2023-12,2023Q4
2022-06-05,244,hatha,103,en,basic,3,uk,2021-05-25,mobile,312,2,2022,2022-06,2022Q2
2023-03-04,10,power yoga,108,fr,intermediate,3,fr,2022-08-05,mobile,6324,2,2023,2023-03,2023Q1
2022-11-02,97,vinyasa,116,en,basic,2,uk,2021-05-21,mobile,4170,2,2022,2022-11,2022Q4
2023-05-13,244,meditation,110,it,advanced,0,it,2021-05-25,tv,2221,2,2023,2023-05,2023Q2
2022-05-21,75,vinyasa,118,it,basic,0,it,2021-07-20,tv,4180,4,2022,2022-05,2022Q2
2023-06-23,54,power yoga,122,fr,basic,2,fr,2022-05-02,pc,6149,1,2023,2023-06,2023Q2
2023-07-18,224,power yoga,108,en,advanced,1,uk,2020-06-04,tv,6249,5,2023,2023-07,2023Q3
2023-08-26,43,meditation,117,fr,basic,0,fr,2022-09-14,pc,2168,3,2023,2023-08,2023Q3
2022-11-01,230,hatha,117,it,advanced,0,it,2020-01-09,pc,3286,2,2022,2022-11,2022Q4
2022-09-27,94,vinyasa,114,it,advanced,3,it,2020-03-24,mobile,4240,4,2022,2022-09,2022Q3
2023-07-10,4,hatha,122,fr,advanced,2,fr,2022-05-10,pc,3231,5,2023,2023-07,2023Q3
2023-12-06,133,vinyasa,113,en,intermediate,2,uk,2022-07-19,pc,4391,5,2023,2023-12,2023Q4
2021-12-04,181,vinyasa,105,fr,advanced,1,fr,2020-12-09,tv,4243,5,2021,2021-12,2021Q4
2023-03-27,113,hatha,116,fr,intermediate,0,fr,2021-01-18,pc,3359,2,2023,2023-03,2023Q1
2023-12-17,28,vinyasa,106,it,advanced,2,it,2022-06-01,tv,4279,1,2023,2023-12,2023Q4
2023-06-04,64,meditation,104,it,intermediate,3,it,2022-11-04,tv,2332,1,2023,2023-06,2023Q2
2022-08-12,85,power yoga,122,it,advanced,3,it,2020-03-28,pc,6272,4,2022,2022-08,2022Q3
2023-04-22,123,power yoga,106,en,advanced,0,uk,2021-09-19,pc,627,3,2023,2023-04,2023Q2
2022-07-06,153,power yoga,115,en,intermediate,0,uk,2020-06-14,tv,6315,3,2022,2022-07,2022Q3
2023-02-01,237,power yoga,115,fr,intermediate,3,fr,2022-03-23,mobile,6352,4,2023,2023-02,2023Q1
2022-02-22,7,power yoga,112,fr,intermediate,3,fr,2021-09-01,tv,6385,1,2022,2022-02,2022Q1
2023-07-13,17,vinyasa,106,it,basic,3,it,2021-07-02,pc,4147,3,2023,2023-07,2023Q3
2023-05-20,27,vinyasa,113,fr,advanced,2,fr,2021-01-12,mobile,4220,4,2023,2023-05,2023Q2
2022-12-23,58,power yoga,119,en,intermediate,3,uk,2021-11-18,mobile,6333,2,2022,2022-12,2022Q4
2021-04-28,53,hatha,114,fr,advanced,2,fr,2020-10-08,tv,3235,3,2021,2021-04,2021Q2
2023-03-15,184,power yoga,101,en,advanced,1,uk,2022-08-11,mobile,624,1,2023,2023-03,2023Q1
2022-11-03,63,vinyasa,113,en,basic,3,uk,2020-02-27,mobile,4192,2,2022,2022-11,2022Q4
2022-12-04,159,hatha,117,fr,advanced,3,fr,2021-06-21,pc,3248,2,2022,2022-12,2022Q4
2022-01-27,65,hatha,118,en,intermediate,1,uk,2020-05-04,tv,3395,2,2022,2022-01,2022Q1
2023-07-11,189,vinyasa,111,it,basic,3,it,2021-06-05,tv,4157,4,2023,2023-07,2023Q3
2022-02-21,77,power yoga,101,fr,advanced,0,fr,2020-06-01,tv,6238,2,2022,2022-02,2022Q1
2023-04-05,214,power yoga,107,en,advanced,2,uk,2020-03-24,tv,6268,5,2023,2023-04,2023Q2
2023-08-17,243,power yoga,117,en,advanced,1,uk,2020-08-24,pc,6265,1,2023,2023-08,2023Q3
2023-02-21,174,power yoga,100,en,advanced,0,uk,2022-02-12,mobile,6251,4,2023,2023-02,2023Q1
2022-09-23,1,meditation,101,it,intermediate,3,it,2021-05-20,pc,2384,4,2022,2022-09,2022Q3
2023-04-12,22,hatha,120,fr,advanced,1,fr,2022-01-25,mobile,3282,3,2023,2023-04,2023Q2
2023-08-18,223,vinyasa,115,it,advanced,0,it,2020-12-01,tv,4273,3,2023,2023-08,2023Q3
2023-10-06,67,vinyasa,113,fr,advanced,1,fr,2020-10-01,mobile,4213,3,2023,2023-10,2023Q4
2022-12-19,173,vinyasa,111,it,advanced,1,it,2021-12-12,tv,4289,5,2022,2022-12,2022Q4
2022-07-15,97,vinyasa,104,en,basic,1,uk,2021-05-21,tv,4131,2,2022,2022-07,2022Q3
2023-06-06,92,meditation,108,fr,advanced,0,fr,2021-10-24,tv,2275,5,2023,2023-06,2023Q2
2023-02-16,17,hatha,120,fr,advanced,0,fr,2021-07-02,tv,3275,3,2023,2023-02,2023Q1
2023-01-25,169,meditation,102,it,advanced,3,it,2021-06-16,tv,224,5,2023,2023-01,2023Q1
2023-08-14,119,hatha,106,it,basic,1,it,2022-08-25,tv,3123,1,2023,2023-08,2023Q3
2023-09-02,156,power yoga,101,en,advanced,2,uk,2022-02-18,tv,6286,1,2023,2023-09,2023Q3
2022-04-27,224,hatha,114,it,advanced,3,it,2020-06-04,pc,3236,4,2022,2022-04,2022Q2
2023-10-02,15,power yoga,111,en,intermediate,1,uk,2022-05-13,tv,6356,3,2023,2023-10,2023Q4
2022-03-15,21,hatha,105,fr,advanced,3,fr,2021-07-11,mobile,3239,5,2022,2022-03,2022Q1
2022-11-10,83,power yoga,107,it,intermediate,1,it,2020-07-23,tv,6380,4,2022,2022-11,2022Q4
2022-05-27,36,power yoga,110,it,advanced,2,it,2021-02-07,tv,6283,5,2022,2022-05,2022Q2
2022-05-18,108,hatha,106,it,basic,1,it,2021-12-08,tv,3169,5,2022,2022-05,2022Q2
2022-11-03,26,power yoga,118,en,advanced,2,uk,2021-07-20,tv,6250,2,2022,2022-11,2022Q4
2022-02-04,25,hatha,107,it,basic,3,it,2021-10-28,tv,3151,4,2022,2022-02,2022Q1
2023-04-20,184,power yoga,122,en,intermediate,0,uk,2022-08-11,mobile,6319,4,2023,2023-04,2023Q2
2021-12-03,146,power yoga,110,fr,basic,1,fr,2020-04-26,tv,6156,3,2021,2021-12,2021Q4
2022-04-16,92,power yoga,102,en,intermediate,1,uk,2021-10-24,tv,6311,1,2022,2022-04,2022Q2
2023-07-01,168,meditation,122,it,basic,2,it,2022-10-15,mobile,2173,2,2023,2023-07,2023Q3
2023-04-24,212,power yoga,106,it,intermediate,2,it,2020-02-27,tv,6317,2,2023,2023-04,2023Q2
2023-02-08,227,meditation,109,en,advanced,3,uk,2022-02-17,pc,2295,1,2023,2023-02,2023Q1
2023-11-26,51,power yoga,104,fr,advanced,0,fr,2022-07-09,tv,6266,2,2023,2023-11,2023Q4
2023-11-13,160,power yoga,111,it,basic,2,it,2021-01-01,tv,6137,2,2023,2023-11,2023Q4
2023-08-05,108,meditation,111,it,basic,1,it,2021-12-08,pc,2188,4,2023,2023-08,2023Q3
2021-10-01,57,power yoga,100,it,intermediate,1,it,2020-07-11,tv,6389,3,2021,2021-10,2021Q4
2022-04-25,187,power yoga,122,it,basic,3,it,2020-05-03,pc,6178,5,2022,2022-04,2022Q2
2023-02-27,160,power yoga,104,it,intermediate,0,it,2021-01-01,tv,6391,3,2023,2023-02,2023Q1
2021-07-17,67,vinyasa,105,fr,basic,0,fr,2020-10-01,tv,4189,1,2021,2021-07,2021Q3
2022-10-27,18,power yoga,116,it,basic,0,it,2021-12-14,mobile,6133,4,2022,2022-10,2022Q4
2021-08-21,79,vinyasa,115,en,basic,3,uk,2020-12-12,pc,4175,5,2021,2021-08,2021Q3
2023-01-12,23,power yoga,112,en,intermediate,0,uk,2021-09-20,pc,6326,2,2023,2023-01,2023Q1
2022-04-02,192,power yoga,117,fr,basic,3,fr,2020-05-01,mobile,6123,3,2022,2022-04,2022Q2
2023-04-05,15,hatha,119,en,advanced,2,uk,2022-05-13,pc,3252,4,2023,2023-04,2023Q2
2021-09-09,19,hatha,105,fr,basic,3,fr,2020-04-12,pc,3112,4,2021,2021-09,2021Q3
2022-08-12,128,vinyasa,100,it,basic,3,it,2021-01-26,tv,4142,2,2022,2022-08,2022Q3
2023-05-13,15,vinyasa,105,en,basic,3,uk,2022-05-13,tv,4129,4,2023,2023-05,2023Q2
2023-08-26,105,meditation,102,en,advanced,2,uk,2022-01-25,tv,229,5,2023,2023-08,2023Q3
2023-05-05,44,hatha,108,en,basic,3,uk,2020-12-09,tv,313,4,2023,2023-05,2023Q2
2022-02-08,19,power yoga,101,it,advanced,2,it,2020-04-12,pc,6289,3,2022,2022-02,2022Q1
2023-02-23,196,vinyasa,110,it,advanced,2,it,2022-06-04,tv,4294,3,2023,2023-02,2023Q1
2022-01-19,173,vinyasa,122,en,advanced,0,uk,2021-12-12,pc,4240,4,2022,2022-01,2022Q1
2023-09-10,215,power yoga,122,en,basic,3,uk,2022-05-05,tv,6164,1,2023,2023-09,2023Q3
2022-02-03,38,meditation,117,en,basic,0,uk,2021-01-02,tv,2114,1,2022,2022-02,2022Q1
2023-04-25,134,vinyasa,111,it,basic,1,it,2022-11-20,pc,4153,2,2023,2023-04,2023Q2
2023-03-02,139,hatha,110,it,advanced,1,it,2020-03-28,tv,3285,2,2023,2023-03,2023Q1
2023-02-02,156,power yoga,122,it,advanced,2,it,2022-02-18,tv,6214,3,2023,2023-02,2023Q1
2023-06-14,177,power yoga,113,it,basic,0,it,2022-03-17,pc,6153,1,2023,2023-06,2023Q2
2022-09-14,164,meditation,109,fr,intermediate,1,fr,2021-02-20,tv,2360,3,2022,2022-09,2022Q3
2022-01-02,171,hatha,105,it,basic,0,it,2021-08-09,mobile,3113,4,2022,2022-01,2022Q1
2022-11-27,20,hatha,100,it,advanced,3,it,2020-02-10,pc,3298,4,2022,2022-11,2022Q4
2023-09-16,237,power yoga,122,it,advanced,2,it,2022-03-23,pc,6225,1,2023,2023-09,2023Q3
2023-05-13,38,meditation,120,it,advanced,2,it,2021-01-02,tv,2273,4,2023,2023-05,2023Q2
2022-04-12,50,vinyasa,120,it,basic,2,it,2021-02-18,tv,4148,3,2022,2022-04,2022Q2
2023-12-08,77,vinyasa,114,en,advanced,0,uk,2020-06-01,pc,4250,4,2023,2023-12,2023Q4
2022-03-21,120,meditation,114,it,advanced,0,it,2021-09-23,pc,2260,5,2022,2022-03,2022Q1
2023-12-28,237,vinyasa,120,fr,intermediate,2,fr,2022-03-23,tv,4319,4,2023,2023-12,2023Q4
2023-10-14,5,power yoga,121,it,advanced,3,it,2022-01-25,tv,6296,5,2023,2023-10,2023Q4
2022-08-27,24,vinyasa,113,fr,basic,1,fr,2020-09-09,tv,4136,2,2022,2022-08,2022Q3
2022-03-25,186,vinyasa,119,en,advanced,2,uk,2020-08-12,tv,4263,1,2022,2022-03,2022Q1
2023-05-27,90,meditation,109,it,advanced,0,it,2022-03-13,tv,225,4,2023,2023-05,2023Q2
2023-08-07,210,power yoga,119,en,intermediate,2,uk,2022-09-24,pc,6381,1,2023,2023-08,2023Q3
2021-11-20,206,power yoga,122,it,intermediate,0,it,2020-11-07,tv,6399,3,2021,2021-11,2021Q4
2022-08-26,120,hatha,120,fr,advanced,1,fr,2021-09-23,mobile,3261,4,2022,2022-08,2022Q3
2023-10-06,231,vinyasa,117,it,advanced,1,it,2022-01-03,pc,429,5,2023,2023-10,2023Q4
2023-06-20,109,power yoga,103,fr,basic,1,fr,2022-08-08,pc,6146,3,2023,2023-06,2023Q2
2023-06-07,1,meditation,121,fr,intermediate,0,fr,2021-05-20,pc,2334,2,2023,2023-06,2023Q2
2023-11-19,84,power yoga,122,en,intermediate,0,uk,2020-06-09,tv,639,1,2023,2023-11,2023Q4
2021-11-16,144,hatha,116,it,intermediate,1,it,2020-04-13,pc,3311,5,2021,2021-11,2021Q4
2023-07-09,64,power yoga,108,it,intermediate,1,it,2022-11-04,pc,6397,4,2023,2023-07,2023Q3
2023-10-03,228,vinyasa,112,it,basic,3,it,2022-05-23,tv,4150,2,2023,2023-10,2023Q4
2022-10-08,165,hatha,100,it,intermediate,3,it,2020-08-03,mobile,3384,1,2022,2022-10,2022Q4
2023-03-08,214,power yoga,101,it,intermediate,2,it,2020-03-24,mobile,638,3,2023,2023-03,2023Q1
2022-05-19,92,power yoga,119,en,intermediate,2,uk,2021-10-24,tv,6391,4,2022,2022-05,2022Q2
2023-08-23,142,vinyasa,117,it,advanced,3,it,2022-05-20,pc,4294,5,2023,2023-08,2023Q3
2023-04-16,2,power yoga,119,it,basic,0,it,2022-01-06,tv,6180,2,2023,2023-04,2023Q2
2022-03-25,125,vinyasa,110,en,advanced,2,uk,2021-04-17,pc,4226,4,2022,2022-03,2022Q1
2022-03-05,220,hatha,108,en,basic,3,uk,2021-11-05,pc,3121,5,2022,2022-03,2022Q1
2023-10-10,162,power yoga,103,en,advanced,2,uk,2022-09-06,pc,6222,3,2023,2023-10,2023Q4
2023-10-23,162,meditation,105,it,basic,3,it,2022-09-06,tv,2177,5,2023,2023-10,2023Q4
2022-01-23,161,power yoga,120,en,intermediate,1,uk,2021-10-23,tv,6370,1,2022,2022-01,2022Q1
2023-12-04,51,power yoga,108,fr,advanced,3,fr,2022-07-09,mobile,6241,5,2023,2023-12,2023Q4
2023-06-18,66,power yoga,111,it,intermediate,3,it,2020-03-19,tv,6357,4,2023,2023-06,2023Q2
2022-10-23,38,power yoga,119,it,advanced,3,it,2021-01-02,pc,6210,1,2022,2022-10,2022Q4
2021-11-21,206,power yoga,114,en,advanced,1,uk,2020-11-07,mobile,6229,4,2021,2021-11,2021Q4
2021-09-06,69,vinyasa,119,fr,advanced,0,fr,2020-08-23,pc,4251,1,2021,2021-09,2021Q3
2023-10-11,161,meditation,106,it,intermediate,3,it,2021-10-23,pc,2353,2,2023,2023-10,2023Q4
2022-10-14,20,hatha,118,fr,intermediate,0,fr,2020-02-10,pc,331,3,2022,2022-10,2022Q4
2023-11-27,48,power yoga,107,en,advanced,3,uk,2020-10-21,tv,6215,3,2023,2023-11,2023Q4
2022-06-17,130,hatha,122,en,advanced,3,uk,2021-02-10,pc,3224,4,2022,2022-06,2022Q2
2022-11-27,83,meditation,117,fr,basic,2,fr,2020-07-23,tv,2120,4,2022,2022-11,2022Q4
2023-06-20,168,hatha,119,it,advanced,2,it,2022-10-15,mobile,3251,5,2023,2023-06,2023Q2
2023-10-02,125,power yoga,105,fr,intermediate,2,fr,2021-04-17,pc,6358,2,2023,2023-10,2023Q4
2023-10-16,226,power yoga,100,fr,advanced,3,fr,2020-10-04,mobile,6261,3,2023,2023-10,2023Q4
2022-08-13,27,hatha,121,fr,basic,2,fr,2021-01-12,tv,3191,3,2022,2022-08,2022Q3
2023-06-28,174,power yoga,105,en,advanced,1,uk,2022-02-12,pc,6233,3,2023,2023-06,2023Q2
2022-09-28,70,vinyasa,114,fr,advanced,2,fr,2021-12-03,tv,4222,5,2022,2022-09,2022Q3
2022-12-18,153,power yoga,121,it,intermediate,2,it,2020-06-14,tv,6376,3,2022,2022-12,2022Q4
2022-03-26,192,meditation,119,en,intermediate,0,uk,2020-05-01,mobile,237,3,2022,2022-03,2022Q1
2023-04-19,241,meditation,100,it,intermediate,2,it,2022-05-11,tv,2388,2,2023,2023-04,2023Q2
2023-06-18,178,hatha,102,it,basic,1,it,2022-06-15,pc,3197,4,2023,2023-06,2023Q2
2023-05-25,15,vinyasa,120,en,intermediate,3,uk,2022-05-13,tv,4388,4,2023,2023-05,2023Q2
2022-05-07,197,power yoga,121,en,advanced,2,uk,2021-08-08,tv,6223,3,2022,2022-05,2022Q2
2022-09-10,202,meditation,107,it,basic,3,it,2020-02-04,tv,2121,2,2022,2022-09,2022Q3
2022-01-12,239,vinyasa,106,en,basic,1,uk,2020-02-04,tv,4136,5,2022,2022-01,2022Q1
2023-03-04,14,power yoga,118,fr,intermediate,1,fr,2021-01-14,tv,6318,2,2023,2023-03,2023Q1
2022-01-05,202,power yoga,112,it,intermediate,0,it,2020-02-04,tv,6363,2,2022,2022-01,2022Q1
2023-04-19,141,vinyasa,107,en,basic,3,uk,2021-05-23,pc,4175,2,2023,2023-04,2023Q2
2023-03-22,119,power yoga,109,it,basic,1,it,2022-08-25,tv,6165,3,2023,2023-03,2023Q1
2022-05-16,161,hatha,107,it,basic,0,it,2021-10-23,tv,3131,4,2022,2022-05,2022Q2
2022-06-01,138,power yoga,112,it,advanced,2,it,2020-04-06,tv,6236,4,2022,2022-06,2022Q2
2022-08-13,121,power yoga,122,it,basic,0,it,2020-11-03,pc,6168,1,2022,2022-08,2022Q3
2022-10-14,169,vinyasa,109,it,intermediate,2,it,2021-06-16,tv,4375,5,2022,2022-10,2022Q4
2023-05-04,104,power yoga,121,it,basic,2,it,2022-04-11,pc,6173,2,2023,2023-05,2023Q2
2022-05-05,240,meditation,122,it,advanced,1,it,2021-01-15,pc,2247,5,2022,2022-05,2022Q2
2022-04-06,191,meditation,109,fr,advanced,2,fr,2021-05-15,pc,2243,4,2022,2022-04,2022Q2
2023-12-25,97,vinyasa,111,it,advanced,1,it,2021-05-21,tv,4299,4,2023,2023-12,2023Q4
2023-05-23,37,power yoga,111,en,advanced,1,uk,2021-09-04,tv,6270,4,2023,2023-05,2023Q2
2023-02-28,198,power yoga,120,it,intermediate,0,it,2021-07-04,mobile,6396,2,2023,2023-02,2023Q1
2021-02-13,182,vinyasa,114,fr,advanced,1,fr,2020-03-14,tv,4250,5,2021,2021-02,2021Q1
2023-08-21,133,power yoga,104,it,advanced,2,it,2022-07-19,pc,6271,3,2023,2023-08,2023Q3
2023-05-12,105,hatha,120,it,advanced,3,it,2022-01-25,tv,3233,2,2023,2023-05,2023Q2
2023-12-24,23,power yoga,104,it,advanced,2,it,2021-09-20,mobile,6263,2,2023,2023-12,2023Q4
2022-02-14,232,meditation,107,it,advanced,2,it,2021-06-25,tv,2244,5,2022,2022-02,2022Q1
2021-09-02,230,meditation,121,en,intermediate,0,uk,2020-01-09,mobile,233,1,2021,2021-09,2021Q3
2023-10-26,10,power yoga,116,it,intermediate,1,it,2022-08-05,pc,6362,2,2023,2023-10,2023Q4
2023-07-06,36,power yoga,111,en,intermediate,3,uk,2021-02-07,tv,6391,3,2023,2023-07,2023Q3
2022-11-25,198,power yoga,112,fr,basic,1,fr,2021-07-04,pc,6113,3,2022,2022-11,2022Q4
2023-06-06,158,power yoga,114,fr,intermediate,3,fr,2020-03-18,tv,6318,2,2023,2023-06,2023Q2
2023-06-13,224,vinyasa,117,it,basic,1,it,2020-06-04,tv,4146,5,2023,2023-06,2023Q2
2023-03-14,190,power yoga,120,it,advanced,2,it,2021-06-28,tv,6238,5,2023,2023-03,2023Q1
2023-11-05,28,vinyasa,101,en,basic,1,uk,2022-06-01,mobile,4128,5,2023,2023-11,2023Q4
2023-02-21,131,vinyasa,122,it,basic,3,it,2022-03-26,mobile,411,4,2023,2023-02,2023Q1
2023-09-13,64,power yoga,106,it,advanced,3,it,2022-11-04,tv,6285,4,2023,2023-09,2023Q3
2022-10-27,41,power yoga,121,en,basic,0,uk,2021-08-01,tv,6161,3,2022,2022-10,2022Q4
2023-07-14,241,power yoga,117,en,advanced,1,uk,2022-05-11,pc,6281,5,2023,2023-07,2023Q3
2023-10-22,76,vinyasa,109,fr,intermediate,3,fr,2020-05-14,pc,4389,5,2023,2023-10,2023Q4
2023-04-01,126,meditation,114,it,basic,3,it,2022-03-02,pc,2111,5,2023,2023-04,2023Q2
2022-11-13,38,vinyasa,112,fr,intermediate,2,fr,2021-01-02,tv,4340,3,2022,2022-11,2022Q4
2023-08-15,39,power yoga,121,fr,basic,2,fr,2020-08-03,tv,6163,2,2023,2023-08,2023Q3
2022-12-17,244,meditation,110,fr,advanced,3,fr,2021-05-25,tv,2238,1,2022,2022-12,2022Q4
2023-12-23,227,meditation,117,it,intermediate,1,it,2022-02-17,tv,2320,2,2023,2023-12,2023Q4
2022-09-24,213,meditation,111,it,intermediate,2,it,2021-09-24,pc,2326,4,2022,2022-09,2022Q3
2022-04-25,164,vinyasa,101,en,basic,3,uk,2021-02-20,mobile,4176,1,2022,2022-04,2022Q2
2022-03-05,120,hatha,122,it,basic,2,it,2021-09-23,tv,3160,2,2022,2022-03,2022Q1
2023-01-11,15,hatha,122,it,intermediate,2,it,2022-05-13,tv,3392,4,2023,2023-01,2023Q1
2021-09-09,224,hatha,120,en,basic,1,uk,2020-06-04,tv,315,2,2021,2021-09,2021Q3
2023-09-27,197,vinyasa,105,it,basic,2,it,2021-08-08,pc,4149,5,2023,2023-09,2023Q3
2023-07-01,70,power yoga,116,fr,basic,3,fr,2021-12-03,tv,6190,2,2023,2023-07,2023Q3
2022-09-22,221,power yoga,105,it,advanced,0,it,2021-04-25,pc,6211,2,2022,2022-09,2022Q3
2023-06-01,97,meditation,103,en,intermediate,2,uk,2021-05-21,mobile,2386,5,2023,2023-06,2023Q2
2023-06-05,168,power yoga,119,fr,intermediate,3,fr,2022-10-15,pc,6341,4,2023,2023-06,2023Q2
2023-07-03,212,meditation,121,en,intermediate,2,uk,2020-02-27,pc,2332,5,2023,2023-07,2023Q3
2022-02-04,221,power yoga,113,it,advanced,1,it,2021-04-25,pc,6282,4,2022,2022-02,2022Q1
2022-04-10,233,hatha,100,en,advanced,1,uk,2021-06-11,pc,325,4,2022,2022-04,2022Q2
2022-05-26,242,hatha,116,en,advanced,1,uk,2021-10-06,tv,3284,1,2022,2022-05,2022Q2
2021-08-10,153,hatha,100,fr,basic,1,fr,2020-06-14,tv,3185,1,2021,2021-08,2021Q3
2022-11-18,69,meditation,109,en,basic,1,uk,2020-08-23,tv,2147,1,2022,2022-11,2022Q4
2023-05-02,5,power yoga,111,en,advanced,0,uk,2022-01-25,pc,6243,5,2023,2023-05,2023Q2
2023-06-06,235,power yoga,120,en,advanced,2,uk,2021-02-11,mobile,622,1,2023,2023-06,2023Q2
2023-07-06,82,power yoga,113,it,advanced,3,it,2022-01-21,tv,6256,4,2023,2023-07,2023Q3
2023-03-07,175,power yoga,101,en,basic,2,uk,2021-02-27,mobile,6188,5,2023,2023-03,2023Q1
2023-02-14,52,hatha,107,it,basic,1,it,2022-03-15,mobile,3165,1,2023,2023-02,2023Q1
2023-09-25,129,hatha,119,en,advanced,2,uk,2022-11-10,mobile,3287,1,2023,2023-09,2023Q3
2022-05-15,93,vinyasa,101,fr,advanced,0,fr,2021-07-04,tv,4260,5,2022,2022-05,2022Q2
2023-04-16,184,power yoga,104,it,intermediate,0,it,2022-08-11,pc,6326,4,2023,2023-04,2023Q2
2023-08-16,126,hatha,109,en,basic,2,uk,2022-03-02,pc,3170,5,2023,2023-08,2023Q3
2022-12-28,38,power yoga,112,it,intermediate,3,it,2021-01-02,mobile,6321,4,2022,2022-12,2022Q4
2023-03-21,228,hatha,102,en,intermediate,1,uk,2022-05-23,mobile,339,3,2023,2023-03,2023Q1
2023-07-03,147,vinyasa,107,it,advanced,3,it,2021-02-21,pc,425,5,2023,2023-07,2023Q3
2023-04-08,119,hatha,106,fr,advanced,2,fr,2022-08-25,pc,3250,4,2023,2023-04,2023Q2
2023-09-04,22,power yoga,115,fr,intermediate,2,fr,2022-01-25,tv,6382,4,2023,2023-09,2023Q3
2023-06-02,71,meditation,120,en,advanced,1,uk,2021-05-10,pc,2286,5,2023,2023-06,2023Q2
2021-11-09,89,meditation,106,fr,basic,0,fr,2020-01-02,pc,2116,5,2021,2021-11,2021Q4
2021-04-03,91,meditation,104,it,basic,3,it,2020-03-02,tv,2135,3,2021,2021-04,2021Q2
2022-10-19,202,vinyasa,114,it,advanced,2,it,2020-02-04,tv,4233,1,2022,2022-10,2022Q4
2022-09-03,84,vinyasa,104,it,basic,1,it,2020-06-09,tv,4140,3,2022,2022-09,2022Q3
2023-12-22,99,power yoga,112,en,basic,0,uk,2022-01-20,mobile,6121,2,2023,2023-12,2023Q4
2021-06-05,49,meditation,105,fr,basic,0,fr,2020-10-24,tv,2138,5,2021,2021-06,2021Q2
2023-10-27,201,vinyasa,108,fr,intermediate,3,fr,2022-11-25,tv,4398,2,2023,2023-10,2023Q4
2023-04-25,231,vinyasa,113,it,basic,2,it,2022-01-03,tv,4155,1,2023,2023-04,2023Q2
2022-02-25,67,vinyasa,110,en,basic,2,uk,2020-10-01,pc,4135,1,2022,2022-02,2022Q1
2023-08-23,132,meditation,104,en,basic,1,uk,2022-07-25,mobile,2151,2,2023,2023-08,2023Q3
2023-11-09,37,meditation,103,it,advanced,1,it,2021-09-04,mobile,2246,1,2023,2023-11,2023Q4
2022-11-06,150,power yoga,108,it,advanced,2,it,2021-04-01,tv,6237,1,2022,2022-11,2022Q4
2022-04-23,149,hatha,109,it,basic,3,it,2020-05-11,pc,3155,4,2022,2022-04,2022Q2
2023-10-11,143,hatha,102,en,advanced,0,uk,2022-05-22,tv,3265,3,2023,2023-10,2023Q4
2022-04-25,48,meditation,121,en,advanced,2,uk,2020-10-21,tv,2240,5,2022,2022-04,2022Q2
2023-05-06,141,meditation,122,it,basic,3,it,2021-05-23,pc,2196,5,2023,2023-05,2023Q2
2023-11-18,95,meditation,121,it,basic,3,it,2022-03-10,pc,2188,1,2023,2023-11,2023Q4
2021-05-18,146,hatha,107,fr,basic,1,fr,2020-04-26,tv,3110,2,2021,2021-05,2021Q2
2023-12-16,100,power yoga,113,en,basic,1,uk,2022-02-02,mobile,6157,3,2023,2023-12,2023Q4
2022-07-15,152,hatha,122,it,basic,3,it,2021-10-01,tv,3131,1,2022,2022-07,2022Q3
2023-10-24,68,power yoga,120,en,advanced,0,uk,2020-12-14,pc,6220,1,2023,2023-10,2023Q4
2023-01-28,155,vinyasa,106,it,advanced,2,it,2022-12-19,pc,4222,2,2023,2023-01,2023Q1
2023-03-15,245,power yoga,105,it,intermediate,0,it,2022-11-28,mobile,6338,5,2023,2023-03,2023Q1
2023-08-06,138,meditation,103,it,intermediate,2,it,2020-04-06,tv,2364,1,2023,2023-08,2023Q3
2021-07-26,16,vinyasa,115,it,basic,3,it,2020-04-02,pc,4150,1,2021,2021-07,2021Q3
2022-04-12,127,vinyasa,113,fr,advanced,2,fr,2021-05-26,tv,4222,5,2022,2022-04,2022Q2
2023-01-14,162,vinyasa,111,it,advanced,2,it,2022-09-06,pc,4235,3,2023,2023-01,2023Q1
2023-11-04,127,vinyasa,106,fr,advanced,3,fr,2021-05-26,mobile,4274,3,2023,2023-11,2023Q4
2023-05-05,205,vinyasa,103,fr,basic,0,fr,2021-01-22,tv,4163,4,2023,2023-05,2023Q2
2023-10-24,200,vinyasa,114,it,basic,3,it,2022-03-24,pc,4118,3,2023,2023-10,2023Q4
2023-10-08,99,hatha,104,en,basic,3,uk,2022-01-20,mobile,3178,2,2023,2023-10,2023Q4
2023-07-15,65,power yoga,118,fr,advanced,1,fr,2020-05-04,mobile,6234,5,2023,2023-07,2023Q3
2021-09-26,49,hatha,104,it,basic,2,it,2020-10-24,tv,3176,3,2021,2021-09,2021Q3
2023-02-26,125,hatha,112,en,advanced,2,uk,2021-04-17,tv,3262,1,2023,2023-02,2023Q1
2023-01-28,87,hatha,112,it,basic,2,it,2021-09-12,tv,3142,3,2023,2023-01,2023Q1
2023-09-27,40,hatha,106,it,advanced,0,it,2021-09-08,tv,3252,5,2023,2023-09,2023Q3
2022-09-14,164,meditation,104,it,intermediate,3,it,2021-02-20,mobile,2338,2,2022,2022-09,2022Q3
2023-10-23,107,vinyasa,120,fr,intermediate,2,fr,2020-11-14,pc,4353,5,2023,2023-10,2023Q4
2023-09-10,135,meditation,117,en,intermediate,0,uk,2021-08-16,pc,2368,5,2023,2023-09,2023Q3
2023-01-10,2,power yoga,100,fr,intermediate,1,fr,2022-01-06,pc,6379,1,2023,2023-01,2023Q1
2023-07-08,110,vinyasa,121,it,advanced,2,it,2020-01-06,tv,4283,2,2023,2023-07,2023Q3
2023-01-09,133,vinyasa,113,it,advanced,2,it,2022-07-19,mobile,4211,2,2023,2023-01,2023Q1
2021-06-10,192,power yoga,100,en,basic,3,uk,2020-05-01,pc,614,1,2021,2021-06,2021Q2
2021-09-27,49,power yoga,110,fr,basic,2,fr,2020-10-24,mobile,6194,1,2021,2021-09,2021Q3
2022-06-08,220,hatha,104,it,intermediate,1,it,2021-11-05,tv,3398,1,2022,2022-06,2022Q2
2023-05-26,16,vinyasa,103,en,advanced,0,uk,2020-04-02,tv,4263,4,2023,2023-05,2023Q2
2022-01-02,53,hatha,100,it,intermediate,3,it,2020-10-08,pc,3395,1,2022,2022-01,2022Q1
2022-03-20,93,meditation,112,fr,intermediate,1,fr,2021-07-04,mobile,2325,3,2022,2022-03,2022Q1
2023-12-12,96,meditation,115,it,basic,3,it,2020-12-03,tv,2131,2,2023,2023-12,2023Q4
2023-08-22,132,vinyasa,111,it,basic,1,it,2022-07-25,mobile,4125,1,2023,2023-08,2023Q3
2022-08-03,159,vinyasa,103,it,advanced,1,it,2021-06-21,tv,4259,5,2022,2022-08,2022Q3
2023-09-22,100,meditation,110,fr,advanced,2,fr,2022-02-02,mobile,2225,4,2023,2023-09,2023Q3
2023-06-27,178,vinyasa,103,it,basic,1,it,2022-06-15,pc,4120,1,2023,2023-06,2023Q2
2023-12-25,126,meditation,107,it,basic,3,it,2022-03-02,pc,2124,5,2023,2023-12,2023Q4
2022-07-05,93,meditation,109,fr,advanced,0,fr,2021-07-04,tv,2285,4,2022,2022-07,2022Q3
2023-01-17,45,hatha,119,it,basic,2,it,2022-10-16,tv,3194,2,2023,2023-01,2023Q1
2023-02-07,197,power yoga,104,it,advanced,1,it,2021-08-08,tv,6293,3,2023,2023-02,2023Q1
2022-08-27,84,meditation,120,it,advanced,2,it,2020-06-09,pc,2278,2,2022,2022-08,2022Q3
2023-01-02,32,hatha,117,it,basic,3,it,2022-03-07,pc,3148,4,2023,2023-01,2023Q1
2022-07-24,97,vinyasa,116,fr,basic,3,fr,2021-05-21,tv,4148,1,2022,2022-07,2022Q3
2023-07-12,63,hatha,105,it,basic,0,it,2020-02-27,mobile,3188,1,2023,2023-07,2023Q3
2023-06-18,52,meditation,105,it,intermediate,3,it,2022-03-15,tv,2332,2,2023,2023-06,2023Q2
2023-05-07,179,power yoga,109,it,basic,2,it,2022-04-13,tv,6156,3,2023,2023-05,2023Q2
2023-01-18,160,power yoga,114,en,advanced,0,uk,2021-01-01,tv,628,5,2023,2023-01,2023Q1
2022-05-19,115,vinyasa,119,it,basic,0,it,2020-01-08,pc,4110,1,2022,2022-05,2022Q2
2022-06-24,242,meditation,118,it,intermediate,3,it,2021-10-06,pc,2366,1,2022,2022-06,2022Q2
2023-08-12,55,meditation,122,fr,advanced,1,fr,2020-11-28,tv,225,4,2023,2023-08,2023Q3
2023-08-03,204,hatha,102,en,intermediate,2,uk,2021-07-27,pc,3369,1,2023,2023-08,2023Q3
2023-07-01,171,meditation,122,en,advanced,0,uk,2021-08-09,tv,2223,1,2023,2023-07,2023Q3
2023-04-15,237,meditation,110,it,advanced,1,it,2022-03-23,pc,2299,2,2023,2023-04,2023Q2
2022-03-10,136,power yoga,112,en,advanced,1,uk,2021-05-07,pc,6232,5,2022,2022-03,2022Q1
2023-01-05,195,power yoga,118,it,intermediate,1,it,2022-12-09,pc,6381,3,2023,2023-01,2023Q1
2023-08-01,31,power yoga,122,it,basic,3,it,2022-09-07,tv,6142,5,2023,2023-08,2023Q3
2022-05-06,203,power yoga,112,fr,intermediate,2,fr,2021-03-28,tv,6362,5,2022,2022-05,2022Q2
2023-09-10,66,vinyasa,118,it,intermediate,1,it,2020-03-19,tv,4376,1,2023,2023-09,2023Q3
2023-03-10,163,power yoga,108,it,advanced,3,it,2022-11-28,tv,6280,1,2023,2023-03,2023Q1
2023-04-07,64,power yoga,107,it,basic,3,it,2022-11-04,mobile,614,5,2023,2023-04,2023Q2
2021-03-19,121,power yoga,110,en,advanced,3,uk,2020-11-03,pc,6234,3,2021,2021-03,2021Q1
2022-02-06,116,vinyasa,116,it,basic,3,it,2021-10-09,pc,4174,2,2022,2022-02,2022Q1
2023-11-23,245,power yoga,100,en,basic,1,uk,2022-11-28,tv,6147,3,2023,2023-11,2023Q4
2022-03-23,113,power yoga,116,en,advanced,1,uk,2021-01-18,tv,6285,3,2022,2022-03,2022Q1
2023-04-16,136,power yoga,111,fr,advanced,0,fr,2021-05-07,pc,6259,5,2023,2023-04,2023Q2
2023-04-14,217,hatha,119,fr,advanced,2,fr,2022-02-07,pc,3292,4,2023,2023-04,2023Q2
2023-07-06,46,vinyasa,115,en,advanced,1,uk,2021-05-08,tv,4285,1,2023,2023-07,2023Q3
2022-12-08,78,vinyasa,121,it,basic,1,it,2021-02-24,tv,4133,2,2022,2022-12,2022Q4
2023-03-15,46,hatha,101,it,advanced,1,it,2021-05-08,mobile,3277,3,2023,2023-03,2023Q1
2023-08-08,228,vinyasa,114,fr,intermediate,3,fr,2022-05-23,mobile,4324,2,2023,2023-08,2023Q3
2022-04-18,53,hatha,115,it,advanced,0,it,2020-10-08,mobile,3293,2,2022,2022-04,2022Q2
2023-05-03,81,meditation,110,it,intermediate,0,it,2022-08-23,mobile,2310,3,2023,2023-05,2023Q2
2023-09-13,51,hatha,111,en,advanced,1,uk,2022-07-09,tv,3248,3,2023,2023-09,2023Q3
2021-06-01,187,power yoga,106,en,advanced,3,uk,2020-05-03,mobile,6228,4,2021,2021-06,2021Q2
2023-03-21,193,meditation,110,it,intermediate,1,it,2021-11-14,pc,2327,5,2023,2023-03,2023Q1
2023-02-09,121,power yoga,105,it,advanced,3,it,2020-11-03,tv,6260,5,2023,2023-02,2023Q1
2023-02-13,244,meditation,104,en,advanced,3,uk,2021-05-25,pc,2241,5,2023,2023-02,2023Q1
2023-06-06,116,power yoga,111,en,advanced,3,uk,2021-10-09,tv,6265,5,2023,2023-06,2023Q2
2023-04-07,100,vinyasa,109,it,basic,0,it,2022-02-02,pc,4190,2,2023,2023-04,2023Q2
2022-03-22,128,hatha,121,en,basic,3,uk,2021-01-26,tv,3129,2,2022,2022-03,2022Q1
2023-05-27,156,meditation,121,it,advanced,2,it,2022-02-18,pc,224,4,2023,2023-05,2023Q2
2022-04-23,9,vinyasa,112,en,basic,1,uk,2021-03-21,pc,4162,4,2022,2022-04,2022Q2
2021-05-28,186,meditation,113,fr,advanced,1,fr,2020-08-12,pc,2241,1,2021,2021-05,2021Q2
2022-08-26,197,meditation,107,en,intermediate,0,uk,2021-08-08,pc,2323,5,2022,2022-08,2022Q3
2021-11-08,96,power yoga,122,fr,advanced,2,fr,2020-12-03,pc,6251,4,2021,2021-11,2021Q4
2023-01-26,52,meditation,100,en,advanced,2,uk,2022-03-15,mobile,2270,2,2023,2023-01,2023Q1
2023-06-25,11,hatha,116,it,advanced,1,it,2020-11-23,tv,3251,4,2023,2023-06,2023Q2
2023-07-05,195,meditation,109,it,advanced,0,it,2022-12-09,pc,2219,3,2023,2023-07,2023Q3
2022-12-09,25,power yoga,122,it,advanced,1,it,2021-10-28,pc,6292,4,2022,2022-12,2022Q4
2023-06-23,49,vinyasa,102,en,basic,0,uk,2020-10-24,tv,4125,3,2023,2023-06,2023Q2
2023-11-27,134,hatha,110,fr,advanced,3,fr,2022-11-20,mobile,3260,1,2023,2023-11,2023Q4
2021-05-27,11,power yoga,121,en,basic,2,uk,2020-11-23,tv,612,4,2021,2021-05,2021Q2
2023-09-01,195,vinyasa,109,it,basic,0,it,2022-12-09,tv,4191,2,2023,2023-09,2023Q3
2022-11-01,233,power yoga,120,en,advanced,0,uk,2021-06-11,tv,6278,1,2022,2022-11,2022Q4
2023-11-06,200,hatha,119,it,intermediate,0,it,2022-03-24,tv,3343,1,2023,2023-11,2023Q4
2023-08-19,9,power yoga,111,fr,advanced,0,fr,2021-03-21,tv,6237,3,2023,2023-08,2023Q3
2023-07-21,218,vinyasa,104,it,basic,2,it,2021-02-16,pc,4119,5,2023,2023-07,2023Q3
2023-11-15,174,vinyasa,112,it,advanced,3,it,2022-02-12,tv,4251,1,2023,2023-11,2023Q4
2021-09-25,61,vinyasa,107,it,intermediate,2,it,2020-08-09,tv,4332,2,2021,2021-09,2021Q3
2023-06-04,239,power yoga,107,en,basic,0,uk,2020-02-04,mobile,615,2,2023,2023-06,2023Q2
2023-12-06,241,power yoga,115,en,advanced,1,uk,2022-05-11,pc,6219,3,2023,2023-12,2023Q4
2023-04-27,231,vinyasa,122,it,advanced,2,it,2022-01-03,mobile,426,4,2023,2023-04,2023Q2
2022-10-05,220,vinyasa,117,it,intermediate,0,it,2021-11-05,tv,4358,5,2022,2022-10,2022Q4
2023-01-12,162,vinyasa,100,fr,advanced,3,fr,2022-09-06,tv,4216,4,2023,2023-01,2023Q1
2023-03-24,45,power yoga,110,it,intermediate,0,it,2022-10-16,mobile,6361,1,2023,2023-03,2023Q1
2022-09-12,204,vinyasa,100,en,intermediate,2,uk,2021-07-27,tv,4327,3,2022,2022-09,2022Q3
2023-03-27,79,hatha,115,fr,basic,1,fr,2020-12-12,mobile,3128,5,2023,2023-03,2023Q1
2023-01-02,24,power yoga,107,en,basic,3,uk,2020-09-09,tv,6192,3,2023,2023-01,2023Q1
2022-08-11,59,power yoga,101,en,intermediate,1,uk,2021-06-25,pc,6368,5,2022,2022-08,2022Q3
2023-05-06,54,meditation,122,it,intermediate,1,it,2022-05-02,tv,233,5,2023,2023-05,2023Q2
2023-09-05,100,vinyasa,116,fr,advanced,0,fr,2022-02-02,tv,4291,1,2023,2023-09,2023Q3
2023-03-11,178,power yoga,100,it,advanced,2,it,2022-06-15,pc,6229,2,2023,2023-03,2023Q1
2023-03-07,137,power yoga,110,it,basic,2,it,2022-03-01,tv,6185,2,2023,2023-03,2023Q1
2023-01-09,90,hatha,114,it,basic,3,it,2022-03-13,pc,3174,3,2023,2023-01,2023Q1
2023-05-04,177,power yoga,110,en,basic,1,uk,2022-03-17,pc,6161,2,2023,2023-05,2023Q2
2023-08-15,236,hatha,107,it,intermediate,2,it,2022-05-19,mobile,3339,3,2023,2023-08,2023Q3
2023-02-12,91,hatha,116,it,advanced,0,it,2020-03-02,mobile,3295,2,2023,2023-02,2023Q1
2023-03-03,229,power yoga,107,en,intermediate,2,uk,2021-04-24,tv,639,2,2023,2023-03,2023Q1
2023-08-02,217,vinyasa,106,it,basic,0,it,2022-02-07,tv,4199,4,2023,2023-08,2023Q3
2023-05-03,78,vinyasa,107,fr,basic,0,fr,2021-02-24,pc,4156,2,2023,2023-05,2023Q2
2022-07-03,202,power yoga,112,it,basic,2,it,2020-02-04,pc,6125,1,2022,2022-07,2022Q3
2023-05-22,54,meditation,112,it,basic,3,it,2022-05-02,pc,2111,4,2023,2023-05,2023Q2
2023-01-25,4,hatha,122,it,intermediate,3,it,2022-05-10,pc,3333,1,2023,2023-01,2023Q1
2023-01-23,99,meditation,116,it,intermediate,3,it,2022-01-20,tv,2387,4,2023,2023-01,2023Q1
2023-03-15,210,hatha,120,it,advanced,1,it,2022-09-24,pc,325,1,2023,2023-03,2023Q1
2023-10-07,60,hatha,108,fr,basic,0,fr,2020-11-10,pc,3158,4,2023,2023-10,2023Q4
2023-02-26,226,power yoga,111,en,advanced,3,uk,2020-10-04,tv,6232,2,2023,2023-02,2023Q1
2023-10-01,46,vinyasa,106,it,advanced,1,it,2021-05-08,tv,4288,5,2023,2023-10,2023Q4
2022-03-13,21,power yoga,103,it,basic,0,it,2021-07-11,tv,6165,2,2022,2022-03,2022Q1
2022-03-28,14,power yoga,107,it,intermediate,0,it,2021-01-14,mobile,6380,5,2022,2022-03,2022Q1
2023-02-28,32,hatha,108,en,intermediate,2,uk,2022-03-07,pc,3381,4,2023,2023-02,2023Q1
2023-06-28,15,power yoga,102,en,advanced,2,uk,2022-05-13,pc,6227,3,2023,2023-06,2023Q2
2021-09-13,158,power yoga,119,fr,advanced,3,fr,2020-03-18,pc,6271,3,2021,2021-09,2021Q3
2023-09-19,142,meditation,110,fr,advanced,1,fr,2022-05-20,mobile,2244,2,2023,2023-09,2023Q3
2023-08-26,77,power yoga,106,fr,basic,1,fr,2020-06-01,tv,6163,2,2023,2023-08,2023Q3
2023-11-23,168,power yoga,112,en,intermediate,2,uk,2022-10-15,tv,6358,4,2023,2023-11,2023Q4
2023-01-19,67,hatha,118,it,intermediate,0,it,2020-10-01,tv,3372,3,2023,2023-01,2023Q1
2023-05-06,111,vinyasa,104,en,intermediate,1,uk,2020-09-01,mobile,4349,4,2023,2023-05,2023Q2
2021-10-15,199,vinyasa,117,it,intermediate,3,it,2020-07-27,tv,433,3,2021,2021-10,2021Q4
2023-11-06,30,vinyasa,108,en,basic,0,uk,2021-01-23,pc,4122,4,2023,2023-11,2023Q4
2023-09-27,112,vinyasa,117,it,advanced,0,it,2021-05-21,mobile,4257,4,2023,2023-09,2023Q3
2023-09-26,95,power yoga,104,en,intermediate,1,uk,2022-03-10,tv,6347,4,2023,2023-09,2023Q3
2023-02-18,86,power yoga,109,en,intermediate,2,uk,2022-11-14,tv,6356,5,2023,2023-02,2023Q1
2023-04-17,120,power yoga,113,it,intermediate,3,it,2021-09-23,tv,6383,4,2023,2023-04,2023Q2
2023-10-22,117,power yoga,112,en,intermediate,0,uk,2020-07-13,pc,6359,5,2023,2023-10,2023Q4
2022-11-09,75,meditation,101,en,intermediate,1,uk,2021-07-20,pc,2310,5,2022,2022-11,2022Q4
2022-09-12,230,power yoga,122,en,advanced,3,uk,2020-01-09,pc,6259,4,2022,2022-09,2022Q3
2023-06-06,43,power yoga,107,it,basic,0,it,2022-09-14,tv,6153,3,2023,2023-06,2023Q2
2023-04-19,158,power yoga,118,it,advanced,2,it,2020-03-18,tv,6267,2,2023,2023-04,2023Q2
2022-02-28,160,hatha,122,it,intermediate,3,it,2021-01-01,pc,3379,1,2022,2022-02,2022Q1
2023-01-20,19,power yoga,106,it,advanced,0,it,2020-04-12,tv,6248,5,2023,2023-01,2023Q1
2023-11-18,172,vinyasa,105,it,basic,3,it,2020-04-22,tv,4156,4,2023,2023-11,2023Q4
2023-01-04,210,vinyasa,104,it,basic,2,it,2022-09-24,mobile,4177,5,2023,2023-01,2023Q1
2022-03-02,98,vinyasa,112,it,advanced,2,it,2020-09-26,tv,4225,3,2022,2022-03,2022Q1
2021-08-16,67,power yoga,113,en,advanced,2,uk,2020-10-01,mobile,628,4,2021,2021-08,2021Q3
2022-03-17,125,meditation,115,it,intermediate,3,it,2021-04-17,pc,2366,2,2022,2022-03,2022Q1
2021-09-17,202,vinyasa,102,it,intermediate,0,it,2020-02-04,pc,438,5,2021,2021-09,2021Q3
2022-03-15,203,power yoga,121,it,intermediate,2,it,2021-03-28,pc,636,2,2022,2022-03,2022Q1
2023-08-05,163,vinyasa,114,fr,intermediate,2,fr,2022-11-28,tv,4337,2,2023,2023-08,2023Q3
2022-02-03,53,hatha,111,it,basic,3,it,2020-10-08,tv,3120,5,2022,2022-02,2022Q1
2022-09-20,234,power yoga,105,fr,intermediate,0,fr,2021-11-19,pc,6359,3,2022,2022-09,2022Q3
2022-09-08,93,power yoga,102,en,basic,2,uk,2021-07-04,tv,6128,3,2022,2022-09,2022Q3
2023-12-13,75,hatha,110,fr,basic,3,fr,2021-07-20,tv,314,2,2023,2023-12,2023Q4
2022-05-02,94,vinyasa,102,en,basic,1,uk,2020-03-24,tv,4125,3,2022,2022-05,2022Q2
2023-09-27,236,power yoga,113,en,basic,3,uk,2022-05-19,mobile,6140,2,2023,2023-09,2023Q3
2023-12-20,237,meditation,110,en,basic,0,uk,2022-03-23,pc,2136,2,2023,2023-12,2023Q4
2023-07-10,65,power yoga,110,en,intermediate,0,uk,2020-05-04,pc,6399,5,2023,2023-07,2023Q3
2023-04-24,136,vinyasa,119,it,intermediate,3,it,2021-05-07,pc,4313,1,2023,2023-04,2023Q2
2022-06-14,170,vinyasa,107,it,advanced,3,it,2021-10-07,tv,4284,5,2022,2022-06,2022Q2
2022-09-09,136,power yoga,115,fr,advanced,3,fr,2021-05-07,pc,6237,2,2022,2022-09,2022Q3
2023-08-19,62,hatha,114,en,intermediate,2,uk,2022-09-03,tv,3366,4,2023,2023-08,2023Q3
2022-12-03,239,meditation,110,fr,advanced,0,fr,2020-02-04,pc,2215,2,2022,2022-12,2022Q4
2021-09-02,144,power yoga,106,it,intermediate,1,it,2020-04-13,tv,6337,5,2021,2021-09,2021Q3
2022-02-04,36,power yoga,122,it,intermediate,1,it,2021-02-07,tv,6310,4,2022,2022-02,2022Q1
2023-07-05,229,vinyasa,105,it,intermediate,3,it,2021-04-24,pc,4380,5,2023,2023-07,2023Q3
2022-04-21,120,power yoga,101,en,basic,2,uk,2021-09-23,pc,6176,2,2022,2022-04,2022Q2
2023-03-14,90,vinyasa,109,it,intermediate,1,it,2022-03-13,pc,4320,1,2023,2023-03,2023Q1
2023-07-26,70,vinyasa,116,fr,intermediate,2,fr,2021-12-03,tv,4368,3,2023,2023-07,2023Q3
2023-10-09,93,vinyasa,107,it,intermediate,3,it,2021-07-04,mobile,4314,5,2023,2023-10,2023Q4
2023-01-14,30,power yoga,115,it,intermediate,1,it,2021-01-23,tv,6359,1,2023,2023-01,2023Q1
2023-11-12,72,vinyasa,117,it,basic,3,it,2022-10-12,tv,4190,4,2023,2023-11,2023Q4
2023-06-16,129,meditation,101,it,intermediate,2,it,2022-11-10,tv,239,2,2023,2023-06,2023Q2
2023-08-16,119,meditation,106,it,advanced,2,it,2022-08-25,pc,2229,2,2023,2023-08,2023Q3
2023-03-11,40,power yoga,114,en,advanced,0,uk,2021-09-08,tv,6245,2,2023,2023-03,2023Q1
2023-01-20,104,vinyasa,112,en,advanced,1,uk,2022-04-11,tv,4252,3,2023,2023-01,2023Q1
2022-12-15,211,power yoga,109,it,advanced,1,it,2021-10-17,tv,6243,1,2022,2022-12,2022Q4
2021-05-12,44,hatha,110,it,advanced,1,it,2020-12-09,pc,3297,1,2021,2021-05,2021Q2
2021-01-12,3,hatha,102,en,advanced,0,uk,2020-07-22,mobile,3228,1,2021,2021-01,2021Q1
2023-01-02,178,hatha,115,it,advanced,1,it,2022-06-15,tv,3224,3,2023,2023-01,2023Q1
2022-09-08,149,vinyasa,116,it,intermediate,3,it,2020-05-11,pc,4375,4,2022,2022-09,2022Q3
2023-05-26,109,vinyasa,106,en,advanced,2,uk,2022-08-08,tv,4270,2,2023,2023-05,2023Q2
2023-03-17,131,vinyasa,113,fr,basic,3,fr,2022-03-26,mobile,4179,1,2023,2023-03,2023Q1
2023-12-13,210,vinyasa,116,it,basic,2,it,2022-09-24,pc,4136,4,2023,2023-12,2023Q4
2023-02-04,27,vinyasa,115,fr,advanced,3,fr,2021-01-12,pc,4235,5,2023,2023-02,2023Q1
2023-06-24,35,meditation,100,it,basic,0,it,2022-07-19,pc,2197,3,2023,2023-06,2023Q2
2022-01-23,115,meditation,109,fr,advanced,1,fr,2020-01-08,pc,2257,4,2022,2022-01,2022Q1
2021-07-14,172,vinyasa,102,it,advanced,0,it,2020-04-22,mobile,4214,5,2021,2021-07,2021Q3
2023-12-22,135,power yoga,106,fr,basic,0,fr,2021-08-16,mobile,6116,5,2023,2023-12,2023Q4
2023-10-07,92,hatha,117,it,advanced,0,it,2021-10-24,pc,3251,4,2023,2023-10,2023Q4
2023-11-02,93,power yoga,118,it,advanced,3,it,2021-07-04,pc,623,3,2023,2023-11,2023Q4
2022-05-15,113,meditation,120,fr,intermediate,0,fr,2021-01-18,pc,236,4,2022,2022-05,2022Q2
2023-07-10,41,hatha,120,it,basic,2,it,2021-08-01,tv,3192,1,2023,2023-07,2023Q3
2023-09-06,25,power yoga,110,en,basic,3,uk,2021-10-28,pc,6162,5,2023,2023-09,2023Q3
2022-07-21,118,meditation,111,fr,basic,1,fr,2021-04-27,tv,219,1,2022,2022-07,2022Q3
2022-08-23,50,power yoga,102,it,basic,0,it,2021-02-18,pc,6116,1,2022,2022-08,2022Q3
2022-11-22,144,vinyasa,113,it,basic,0,it,2020-04-13,pc,4120,5,2022,2022-11,2022Q4
2021-09-12,65,power yoga,120,fr,basic,0,fr,2020-05-04,mobile,6172,5,2021,2021-09,2021Q3
2022-04-10,38,power yoga,103,en,advanced,3,uk,2021-01-02,mobile,6251,3,2022,2022-04,2022Q2
2023-05-24,81,vinyasa,116,it,intermediate,1,it,2022-08-23,tv,4340,3,2023,2023-05,2023Q2
2022-09-09,37,vinyasa,119,it,intermediate,0,it,2021-09-04,tv,4331,4,2022,2022-09,2022Q3
2023-03-04,88,power yoga,117,it,basic,1,it,2022-11-12,pc,6198,5,2023,2023-03,2023Q1
2023-01-12,16,hatha,116,it,intermediate,3,it,2020-04-02,tv,3337,1,2023,2023-01,2023Q1
2023-04-16,72,vinyasa,122,it,advanced,3,it,2022-10-12,pc,4255,5,2023,2023-04,2023Q2
2021-08-24,230,vinyasa,107,it,advanced,1,it,2020-01-09,pc,4229,4,2021,2021-08,2021Q3
2023-08-03,202,hatha,106,fr,basic,3,fr,2020-02-04,tv,3120,1,2023,2023-08,2023Q3
2021-02-27,107,hatha,115,it,basic,3,it,2020-11-14,tv,3155,1,2021,2021-02,2021Q1
2023-03-06,69,vinyasa,122,fr,basic,2,fr,2020-08-23,tv,4156,2,2023,2023-03,2023Q1
2023-05-07,163,power yoga,120,en,basic,2,uk,2022-11-28,mobile,6199,1,2023,2023-05,2023Q2
2023-05-06,36,meditation,106,it,advanced,1,it,2021-02-07,tv,2247,3,2023,2023-05,2023Q2
2023-02-27,183,power yoga,100,it,basic,0,it,2021-08-20,tv,6145,1,2023,2023-02,2023Q1
2023-03-13,71,vinyasa,117,it,advanced,2,it,2021-05-10,tv,4226,5,2023,2023-03,2023Q1
2022-03-02,173,vinyasa,114,fr,basic,1,fr,2021-12-12,pc,4122,4,2022,2022-03,2022Q1
2023-09-07,185,hatha,119,it,basic,3,it,2020-10-21,pc,3149,2,2023,2023-09,2023Q3
2023-12-22,190,power yoga,100,en,intermediate,0,uk,2021-06-28,pc,6399,2,2023,2023-12,2023Q4
2022-12-14,41,vinyasa,111,en,intermediate,0,uk,2021-08-01,mobile,4396,4,2022,2022-12,2022Q4
2021-12-02,84,meditation,114,en,basic,1,uk,2020-06-09,pc,2140,4,2021,2021-12,2021Q4
2022-12-11,25,vinyasa,119,it,intermediate,0,it,2021-10-28,tv,431,1,2022,2022-12,2022Q4
2022-04-08,26,power yoga,103,it,advanced,1,it,2021-07-20,tv,6248,2,2022,2022-04,2022Q2
2022-01-22,182,vinyasa,115,en,intermediate,1,uk,2020-03-14,pc,438,4,2022,2022-01,2022Q1
2022-03-16,169,power yoga,122,it,basic,3,it,2021-06-16,mobile,6124,4,2022,2022-03,2022Q1
2023-06-11,106,hatha,109,it,advanced,3,it,2022-12-23,pc,3279,5,2023,2023-06,2023Q2
2022-10-27,37,vinyasa,116,it,advanced,1,it,2021-09-04,tv,4242,5,2022,2022-10,2022Q4
2023-02-09,47,power yoga,122,en,advanced,3,uk,2022-08-10,mobile,6225,5,2023,2023-02,2023Q1
2022-02-05,225,vinyasa,117,en,basic,3,uk,2020-12-25,mobile,419,5,2022,2022-02,2022Q1
2023-09-25,187,vinyasa,106,it,basic,2,it,2020-05-03,pc,4145,1,2023,2023-09,2023Q3
2022-06-08,53,meditation,107,en,advanced,1,uk,2020-10-08,mobile,2269,4,2022,2022-06,2022Q2
2022-03-18,239,power yoga,107,en,basic,1,uk,2020-02-04,tv,6198,2,2022,2022-03,2022Q1
2022-09-10,29,power yoga,118,en,advanced,0,uk,2021-07-06,mobile,6230,2,2022,2022-09,2022Q3
2023-08-04,134,power yoga,104,fr,advanced,0,fr,2022-11-20,mobile,6219,3,2023,2023-08,2023Q3
2022-01-05,101,power yoga,112,it,advanced,2,it,2021-05-06,pc,6285,5,2022,2022-01,2022Q1
2022-09-24,175,power yoga,111,en,advanced,2,uk,2021-02-27,tv,6230,3,2022,2022-09,2022Q3
2023-02-09,119,power yoga,105,it,basic,1,it,2022-08-25,tv,6130,5,2023,2023-02,2023Q1
2023-11-03,86,meditation,106,it,advanced,0,it,2022-11-14,tv,2243,2,2023,2023-11,2023Q4
2023-12-01,243,vinyasa,100,it,basic,0,it,2020-08-24,pc,4143,1,2023,2023-12,2023Q4
2023-02-16,68,power yoga,102,fr,advanced,3,fr,2020-12-14,mobile,6216,5,2023,2023-02,2023Q1
2022-03-13,170,power yoga,116,it,advanced,0,it,2021-10-07,tv,6215,5,2022,2022-03,2022Q1
2023-07-22,153,power yoga,121,en,basic,3,uk,2020-06-14,mobile,611,3,2023,2023-07,2023Q3
2021-07-01,79,meditation,100,it,intermediate,2,it,2020-12-12,pc,2326,4,2021,2021-07,2021Q3
2023-01-23,40,vinyasa,113,it,intermediate,1,it,2021-09-08,pc,4335,2,2023,2023-01,2023Q1
2022-02-11,229,hatha,115,fr,basic,3,fr,2021-04-24,tv,3191,5,2022,2022-02,2022Q1
2022-07-28,70,hatha,100,en,basic,3,uk,2021-12-03,tv,3173,2,2022,2022-07,2022Q3
2023-08-10,168,power yoga,120,en,advanced,0,uk,2022-10-15,pc,6295,4,2023,2023-08,2023Q3
2023-08-27,15,power yoga,118,it,intermediate,0,it,2022-05-13,mobile,6311,1,2023,2023-08,2023Q3
2022-10-18,118,meditation,103,fr,advanced,2,fr,2021-04-27,mobile,2276,1,2022,2022-10,2022Q4
2023-01-26,117,power yoga,110,en,intermediate,0,uk,2020-07-13,pc,6331,1,2023,2023-01,2023Q1
2022-08-03,39,power yoga,110,fr,advanced,2,fr,2020-08-03,tv,6230,2,2022,2022-08,2022Q3
2023-09-05,10,hatha,106,it,basic,1,it,2022-08-05,pc,3133,1,2023,2023-09,2023Q3
2022-02-28,190,vinyasa,109,it,advanced,2,it,2021-06-28,pc,4216,3,2022,2022-02,2022Q1
2023-12-11,47,hatha,115,en,basic,1,uk,2022-08-10,tv,319,5,2023,2023-12,2023Q4
2022-07-15,18,power yoga,109,it,advanced,3,it,2021-12-14,pc,6238,3,2022,2022-07,2022Q3
2023-06-08,118,power yoga,107,fr,advanced,3,fr,2021-04-27,tv,6222,3,2023,2023-06,2023Q2
2023-09-03,124,meditation,111,en,advanced,0,uk,2022-09-14,tv,2211,1,2023,2023-09,2023Q3
2023-05-23,4,meditation,118,fr,advanced,2,fr,2022-05-10,tv,2251,2,2023,2023-05,2023Q2
2021-03-13,226,power yoga,120,it,advanced,0,it,2020-10-04,pc,628,4,2021,2021-03,2021Q1
2023-09-23,37,vinyasa,112,en,advanced,1,uk,2021-09-04,tv,4210,3,2023,2023-09,2023Q3
2023-05-09,190,power yoga,122,it,advanced,2,it,2021-06-28,pc,6243,3,2023,2023-05,2023Q2
2022-12-09,93,power yoga,105,en,intermediate,1,uk,2021-07-04,tv,6389,5,2022,2022-12,2022Q4
2022-04-06,25,hatha,119,en,basic,2,uk,2021-10-28,tv,3174,5,2022,2022-04,2022Q2
2023-08-22,95,vinyasa,114,it,intermediate,2,it,2022-03-10,tv,4331,2,2023,2023-08,2023Q3
2022-01-23,30,power yoga,108,it,intermediate,3,it,2021-01-23,tv,6344,3,2022,2022-01,2022Q1
2022-10-12,239,power yoga,112,fr,advanced,3,fr,2020-02-04,tv,6288,1,2022,2022-10,2022Q4
2023-01-09,163,meditation,116,en,advanced,3,uk,2022-11-28,tv,2294,3,2023,2023-01,2023Q1
2021-07-02,117,power yoga,105,it,intermediate,0,it,2020-07-13,pc,6322,1,2021,2021-07,2021Q3
2022-03-28,36,hatha,118,en,basic,0,uk,2021-02-07,tv,3142,2,2022,2022-03,2022Q1
2023-05-08,17,hatha,116,en,intermediate,1,uk,2021-07-02,mobile,3326,1,2023,2023-05,2023Q2
2023-10-19,1,power yoga,102,it,basic,1,it,2021-05-20,tv,6124,3,2023,2023-10,2023Q4
2022-11-13,140,vinyasa,112,fr,intermediate,0,fr,2021-10-03,pc,4315,3,2022,2022-11,2022Q4
2023-12-28,124,hatha,122,en,intermediate,2,uk,2022-09-14,tv,3349,4,2023,2023-12,2023Q4
2023-05-19,114,hatha,118,fr,basic,2,fr,2022-07-08,mobile,3136,2,2023,2023-05,2023Q2
2023-12-12,117,vinyasa,100,it,advanced,0,it,2020-07-13,pc,4245,5,2023,2023-12,2023Q4
2023-02-14,110,power yoga,120,en,intermediate,2,uk,2020-01-06,pc,6337,1,2023,2023-02,2023Q1
2022-12-23,58,power yoga,108,it,advanced,1,it,2021-11-18,mobile,629,3,2022,2022-12,2022Q4
2022-03-04,189,meditation,108,it,basic,3,it,2021-06-05,tv,2143,3,2022,2022-03,2022Q1
2022-11-04,38,power yoga,105,en,advanced,3,uk,2021-01-02,mobile,6213,2,2022,2022-11,2022Q4
2023-08-11,174,vinyasa,104,it,advanced,2,it,2022-02-12,tv,4214,5,2023,2023-08,2023Q3
2023-02-26,205,hatha,111,en,advanced,3,uk,2021-01-22,tv,3232,1,2023,2023-02,2023Q1
2023-03-03,103,vinyasa,111,fr,advanced,2,fr,2020-03-25,mobile,4279,3,2023,2023-03,2023Q1
2022-01-17,23,vinyasa,104,it,basic,2,it,2021-09-20,tv,416,5,2022,2022-01,2022Q1
2023-12-28,100,power yoga,113,fr,basic,1,fr,2022-02-02,pc,6168,1,2023,2023-12,2023Q4
2023-03-05,220,power yoga,104,it,basic,1,it,2021-11-05,tv,6126,5,2023,2023-03,2023Q1
2022-12-25,161,hatha,115,en,intermediate,1,uk,2021-10-23,mobile,3337,5,2022,2022-12,2022Q4
2023-11-09,50,hatha,105,it,advanced,0,it,2021-02-18,tv,3267,4,2023,2023-11,2023Q4
2022-09-07,120,vinyasa,103,it,advanced,0,it,2021-09-23,tv,4229,5,2022,2022-09,2022Q3
2022-11-26,244,power yoga,101,en,advanced,2,uk,2021-05-25,pc,6261,4,2022,2022-11,2022Q4
2023-02-06,83,vinyasa,116,it,advanced,3,it,2020-07-23,pc,4279,4,2023,2023-02,2023Q1
2023-01-27,56,power yoga,109,it,advanced,0,it,2020-09-28,tv,6234,4,2023,2023-01,2023Q1
2023-01-24,141,meditation,112,it,advanced,0,it,2021-05-23,tv,2239,5,2023,2023-01,2023Q1
2023-03-27,15,power yoga,111,it,intermediate,1,it,2022-05-13,pc,636,4,2023,2023-03,2023Q1
2023-06-21,204,power yoga,118,it,basic,3,it,2021-07-27,tv,6126,1,2023,2023-06,2023Q2
2022-08-13,58,power yoga,111,it,intermediate,0,it,2021-11-18,tv,6328,3,2022,2022-08,2022Q3
2023-05-12,174,power yoga,119,fr,advanced,3,fr,2022-02-12,tv,6264,4,2023,2023-05,2023Q2
2022-05-18,219,vinyasa,118,en,basic,2,uk,2021-12-24,tv,4176,4,2022,2022-05,2022Q2
2023-11-02,227,power yoga,119,fr,advanced,2,fr,2022-02-17,pc,6261,3,2023,2023-11,2023Q4
2022-09-10,14,vinyasa,103,en,basic,2,uk,2021-01-14,tv,4156,2,2022,2022-09,2022Q3
2022-10-03,205,power yoga,103,it,basic,1,it,2021-01-22,tv,6175,4,2022,2022-10,2022Q4
2023-06-23,31,power yoga,111,it,advanced,2,it,2022-09-07,mobile,6215,4,2023,2023-06,2023Q2
2023-01-12,193,power yoga,116,en,basic,0,uk,2021-11-14,mobile,6191,2,2023,2023-01,2023Q1
2023-12-24,237,power yoga,101,en,advanced,2,uk,2022-03-23,pc,6263,2,2023,2023-12,2023Q4
2023-05-18,114,power yoga,102,fr,basic,0,fr,2022-07-08,pc,6135,4,2023,2023-05,2023Q2
2023-09-12,177,power yoga,121,it,advanced,1,it,2022-03-17,tv,627,2,2023,2023-09,2023Q3
2023-10-21,116,vinyasa,120,en,advanced,0,uk,2021-10-09,tv,4279,2,2023,2023-10,2023Q4
2022-03-26,118,power yoga,106,fr,basic,0,fr,2021-04-27,tv,6198,3,2022,2022-03,2022Q1
2023-09-13,31,meditation,120,en,advanced,1,uk,2022-09-07,mobile,229,1,2023,2023-09,2023Q3
2022-07-27,53,vinyasa,110,en,intermediate,1,uk,2020-10-08,tv,4382,5,2022,2022-07,2022Q3
2023-06-27,122,meditation,118,en,intermediate,0,uk,2022-12-17,pc,2365,4,2023,2023-06,2023Q2
2023-08-05,70,power yoga,117,fr,advanced,2,fr,2021-12-03,tv,6255,3,2023,2023-08,2023Q3
2023-06-26,160,power yoga,107,it,advanced,0,it,2021-01-01,tv,6227,5,2023,2023-06,2023Q2
2023-02-25,179,vinyasa,119,it,advanced,0,it,2022-04-13,tv,4269,3,2023,2023-02,2023Q1
2023-07-22,30,power yoga,118,fr,advanced,1,fr,2021-01-23,pc,6252,3,2023,2023-07,2023Q3
2023-07-09,15,vinyasa,102,fr,advanced,0,fr,2022-05-13,tv,4237,4,2023,2023-07,2023Q3
2023-12-18,55,vinyasa,110,fr,basic,3,fr,2020-11-28,pc,4133,2,2023,2023-12,2023Q4
2021-06-21,111,vinyasa,115,en,intermediate,1,uk,2020-09-01,mobile,4313,2,2021,2021-06,2021Q2
2022-12-23,233,power yoga,102,en,advanced,2,uk,2021-06-11,tv,6296,4,2022,2022-12,2022Q4
2023-08-01,155,hatha,104,en,advanced,0,uk,2022-12-19,mobile,3278,1,2023,2023-08,2023Q3
2023-10-02,100,power yoga,106,en,advanced,2,uk,2022-02-02,tv,6286,2,2023,2023-10,2023Q4
2023-07-18,86,meditation,116,it,basic,3,it,2022-11-14,pc,2142,2,2023,2023-07,2023Q3
2021-06-05,89,hatha,106,fr,basic,1,fr,2020-01-02,pc,3192,5,2021,2021-06,2021Q2
2023-10-18,187,vinyasa,106,fr,advanced,3,fr,2020-05-03,tv,4233,1,2023,2023-10,2023Q4
2022-01-17,56,vinyasa,122,it,basic,3,it,2020-09-28,tv,4154,1,2022,2022-01,2022Q1
2023-08-17,175,power yoga,107,it,basic,2,it,2021-02-27,tv,6170,2,2023,2023-08,2023Q3
2023-05-23,1,power yoga,113,fr,advanced,3,fr,2021-05-20,tv,623,1,2023,2023-05,2023Q2
2023-11-20,237,power yoga,122,it,intermediate,3,it,2022-03-23,tv,6393,5,2023,2023-11,2023Q4
2023-03-08,51,vinyasa,111,en,basic,3,uk,2022-07-09,pc,4149,2,2023,2023-03,2023Q1
2022-06-17,190,power yoga,101,fr,basic,3,fr,2021-06-28,pc,6132,5,2022,2022-06,2022Q2
2022-01-11,89,power yoga,106,it,advanced,3,it,2020-01-02,pc,6274,4,2022,2022-01,2022Q1
2023-07-26,228,vinyasa,112,fr,advanced,0,fr,2022-05-23,pc,4263,2,2023,2023-07,2023Q3
2022-07-06,25,power yoga,115,en,advanced,1,uk,2021-10-28,tv,6215,4,2022,2022-07,2022Q3
2023-03-14,143,vinyasa,106,en,advanced,1,uk,2022-05-22,pc,4213,3,2023,2023-03,2023Q1
2021-06-04,225,hatha,104,it,advanced,1,it,2020-12-25,tv,3293,2,2021,2021-06,2021Q2
2022-06-15,101,hatha,114,it,advanced,3,it,2021-05-06,mobile,3244,2,2022,2022-06,2022Q2
2023-08-17,183,power yoga,100,it,basic,3,it,2021-08-20,tv,6165,5,2023,2023-08,2023Q3
2023-06-23,73,power yoga,109,fr,basic,0,fr,2020-11-14,mobile,6165,2,2023,2023-06,2023Q2
2023-12-05,8,power yoga,108,fr,basic,1,fr,2022-04-23,tv,615,2,2023,2023-12,2023Q4
2023-11-27,32,power yoga,104,it,advanced,0,it,2022-03-07,tv,6260,1,2023,2023-11,2023Q4
2023-08-01,231,power yoga,115,it,intermediate,3,it,2022-01-03,pc,634,3,2023,2023-08,2023Q3
2023-02-15,117,vinyasa,122,en,advanced,0,uk,2020-07-13,mobile,4267,1,2023,2023-02,2023Q1
2023-05-06,237,power yoga,117,fr,advanced,0,fr,2022-03-23,pc,6221,2,2023,2023-05,2023Q2
2023-12-09,180,power yoga,121,it,advanced,2,it,2021-02-08,tv,628,5,2023,2023-12,2023Q4
2023-01-13,215,meditation,118,fr,basic,0,fr,2022-05-05,pc,2165,4,2023,2023-01,2023Q1
2022-02-07,243,meditation,120,fr,advanced,3,fr,2020-08-24,tv,2293,2,2022,2022-02,2022Q1
2022-03-08,219,meditation,106,it,basic,1,it,2021-12-24,pc,219,1,2022,2022-03,2022Q1
2022-05-14,176,power yoga,113,en,basic,0,uk,2021-01-07,tv,6119,3,2022,2022-05,2022Q2
2023-11-21,232,hatha,118,fr,basic,3,fr,2021-06-25,pc,3158,2,2023,2023-11,2023Q4
2023-01-13,27,power yoga,110,fr,basic,2,fr,2021-01-12,mobile,613,5,2023,2023-01,2023Q1
2022-09-02,222,vinyasa,109,it,intermediate,0,it,2021-05-05,tv,4395,3,2022,2022-09,2022Q3
2021-05-16,76,vinyasa,100,fr,advanced,3,fr,2020-05-14,tv,4244,3,2021,2021-05,2021Q2
2023-04-02,29,vinyasa,100,en,basic,0,uk,2021-07-06,mobile,4170,4,2023,2023-04,2023Q2
2023-04-18,142,hatha,105,it,advanced,3,it,2022-05-20,tv,3280,5,2023,2023-04,2023Q2
2023-11-27,35,vinyasa,115,it,basic,0,it,2022-07-19,mobile,4127,5,2023,2023-11,2023Q4
2023-03-22,76,power yoga,112,it,advanced,0,it,2020-05-14,tv,6239,2,2023,2023-03,2023Q1
2021-12-13,53,meditation,112,it,advanced,2,it,2020-10-08,mobile,2231,5,2021,2021-12,2021Q4
2022-01-24,190,hatha,113,it,advanced,2,it,2021-06-28,mobile,3222,3,2022,2022-01,2022Q1
2022-07-09,71,hatha,117,it,basic,1,it,2021-05-10,pc,3165,4,2022,2022-07,2022Q3
2022-06-03,58,vinyasa,105,it,advanced,1,it,2021-11-18,tv,4258,4,2022,2022-06,2022Q2
2023-02-16,150,power yoga,117,fr,basic,0,fr,2021-04-01,pc,6157,5,2023,2023-02,2023Q1
2022-12-11,141,vinyasa,120,it,basic,1,it,2021-05-23,tv,4112,4,2022,2022-12,2022Q4
2023-10-24,124,vinyasa,113,en,advanced,2,uk,2022-09-14,tv,4297,4,2023,2023-10,2023Q4
2021-08-07,145,power yoga,115,it,basic,2,it,2020-01-13,pc,6198,5,2021,2021-08,2021Q3
2021-01-08,202,power yoga,111,it,advanced,3,it,2020-02-04,pc,6283,2,2021,2021-01,2021Q1
2023-10-06,43,power yoga,113,fr,advanced,0,fr,2022-09-14,tv,6283,1,2023,2023-10,2023Q4
2023-07-15,206,power yoga,121,en,basic,3,uk,2020-11-07,pc,6153,3,2023,2023-07,2023Q3
2023-12-05,163,vinyasa,108,it,advanced,3,it,2022-11-28,mobile,4245,5,2023,2023-12,2023Q4
2023-02-21,119,vinyasa,105,fr,advanced,1,fr,2022-08-25,pc,4210,2,2023,2023-02,2023Q1
2023-01-24,2,vinyasa,119,it,advanced,1,it,2022-01-06,tv,4248,4,2023,2023-01,2023Q1
2022-11-06,190,power yoga,119,en,basic,3,uk,2021-06-28,tv,6168,4,2022,2022-11,2022Q4
2022-09-08,244,power yoga,121,it,advanced,0,it,2021-05-25,tv,6291,4,2022,2022-09,2022Q3
2023-05-24,210,hatha,117,it,intermediate,0,it,2022-09-24,tv,3325,2,2023,2023-05,2023Q2
2022-12-08,171,vinyasa,120,it,basic,2,it,2021-08-09,mobile,4143,2,2022,2022-12,2022Q4
2023-04-20,100,hatha,103,en,advanced,2,uk,2022-02-02,tv,323,2,2023,2023-04,2023Q2
2022-04-09,151,power yoga,105,it,advanced,1,it,2020-12-02,tv,623,2,2022,2022-04,2022Q2
2023-10-27,8,meditation,103,en,advanced,3,uk,2022-04-23,tv,2239,1,2023,2023-10,2023Q4
2023-09-12,82,hatha,111,it,advanced,1,it,2022-01-21,tv,328,1,2023,2023-09,2023Q3
2022-02-18,26,meditation,116,fr,advanced,0,fr,2021-07-20,pc,2255,2,2022,2022-02,2022Q1
2023-04-19,62,hatha,112,it,basic,0,it,2022-09-03,mobile,3172,1,2023,2023-04,2023Q2
2023-03-27,76,vinyasa,116,fr,basic,0,fr,2020-05-14,tv,4196,5,2023,2023-03,2023Q1
2023-12-06,100,power yoga,105,it,basic,0,it,2022-02-02,tv,6143,1,2023,2023-12,2023Q4
2023-03-23,50,power yoga,109,fr,advanced,0,fr,2021-02-18,pc,6271,4,2023,2023-03,2023Q1
2023-08-02,195,power yoga,108,fr,advanced,3,fr,2022-12-09,pc,6226,4,2023,2023-08,2023Q3
2023-12-23,32,power yoga,101,it,advanced,1,it,2022-03-07,pc,6240,5,2023,2023-12,2023Q4
2023-02-19,88,vinyasa,105,it,basic,0,it,2022-11-12,tv,4158,2,2023,2023-02,2023Q1
2022-04-08,110,power yoga,108,fr,basic,1,fr,2020-01-06,pc,6150,1,2022,2022-04,2022Q2
2023-10-05,227,vinyasa,102,it,advanced,2,it,2022-02-17,tv,4277,4,2023,2023-10,2023Q4
2022-05-22,7,power yoga,105,fr,basic,2,fr,2021-09-01,tv,6187,2,2022,2022-05,2022Q2
2023-06-07,41,power yoga,116,fr,advanced,3,fr,2021-08-01,tv,6215,5,2023,2023-06,2023Q2
2023-05-27,88,hatha,113,it,basic,0,it,2022-11-12,mobile,3173,5,2023,2023-05,2023Q2
2023-07-24,37,power yoga,114,en,advanced,3,uk,2021-09-04,pc,6214,3,2023,2023-07,2023Q3
2023-07-28,202,vinyasa,114,en,intermediate,2,uk,2020-02-04,pc,4316,1,2023,2023-07,2023Q3
2022-10-11,59,vinyasa,106,it,intermediate,1,it,2021-06-25,mobile,4343,1,2022,2022-10,2022Q4
2023-03-15,188,power yoga,117,fr,basic,2,fr,2022-06-13,pc,6137,4,2023,2023-03,2023Q1
2022-11-19,69,vinyasa,121,it,advanced,1,it,2020-08-23,pc,4238,1,2022,2022-11,2022Q4
2023-01-25,40,power yoga,109,en,advanced,1,uk,2021-09-08,tv,6229,1,2023,2023-01,2023Q1
2023-03-04,156,vinyasa,115,it,advanced,2,it,2022-02-18,tv,4261,5,2023,2023-03,2023Q1
2023-10-18,237,power yoga,110,it,basic,2,it,2022-03-23,pc,6160,3,2023,2023-10,2023Q4
2023-10-14,64,power yoga,109,it,advanced,2,it,2022-11-04,tv,6253,5,2023,2023-10,2023Q4
2021-08-07,11,meditation,114,en,intermediate,0,uk,2020-11-23,mobile,234,4,2021,2021-08,2021Q3
2023-04-27,230,power yoga,100,it,advanced,1,it,2020-01-09,mobile,6280,2,2023,2023-04,2023Q2
2023-11-14,201,vinyasa,108,en,intermediate,0,uk,2022-11-25,pc,4384,5,2023,2023-11,2023Q4
2023-03-21,51,hatha,115,fr,advanced,2,fr,2022-07-09,tv,3282,2,2023,2023-03,2023Q1
2023-07-18,181,power yoga,106,fr,advanced,2,fr,2020-12-09,tv,6285,1,2023,2023-07,2023Q3
2022-10-19,7,hatha,104,en,advanced,0,uk,2021-09-01,mobile,3239,5,2022,2022-10,2022Q4
2022-07-22,46,power yoga,101,it,advanced,3,it,2021-05-08,mobile,6291,2,2022,2022-07,2022Q3
2023-02-15,183,vinyasa,105,en,basic,2,uk,2021-08-20,mobile,4170,5,2023,2023-02,2023Q1
2023-06-08,189,power yoga,112,it,basic,1,it,2021-06-05,tv,6163,5,2023,2023-06,2023Q2
2022-08-15,160,power yoga,101,fr,advanced,1,fr,2021-01-01,tv,625,3,2022,2022-08,2022Q3
2022-04-01,180,power yoga,101,it,intermediate,1,it,2021-02-08,mobile,635,1,2022,2022-04,2022Q2
2022-09-01,6,hatha,107,en,advanced,3,uk,2020-09-14,tv,328,3,2022,2022-09,2022Q3
2022-01-20,74,hatha,106,en,intermediate,3,uk,2021-07-04,mobile,3367,1,2022,2022-01,2022Q1
2023-05-15,234,power yoga,100,it,advanced,0,it,2021-11-19,tv,6260,5,2023,2023-05,2023Q2
2021-06-13,19,power yoga,100,it,intermediate,3,it,2020-04-12,pc,6341,4,2021,2021-06,2021Q2
2022-04-08,63,vinyasa,103,en,basic,0,uk,2020-02-27,pc,4149,3,2022,2022-04,2022Q2
2022-06-04,57,power yoga,105,it,intermediate,1,it,2020-07-11,pc,6320,2,2022,2022-06,2022Q2
2023-08-19,26,power yoga,109,fr,basic,3,fr,2021-07-20,tv,6142,1,2023,2023-08,2023Q3
2023-03-25,150,power yoga,110,it,advanced,1,it,2021-04-01,mobile,621,5,2023,2023-03,2023Q1
2023-02-20,85,power yoga,105,en,advanced,2,uk,2020-03-28,tv,6263,5,2023,2023-02,2023Q1
2023-09-03,214,vinyasa,111,it,advanced,3,it,2020-03-24,pc,4211,5,2023,2023-09,2023Q3
2023-01-23,165,meditation,119,fr,intermediate,2,fr,2020-08-03,mobile,2369,3,2023,2023-01,2023Q1
2023-01-28,43,power yoga,109,fr,advanced,1,fr,2022-09-14,tv,6230,1,2023,2023-01,2023Q1
2023-11-14,203,power yoga,110,it,advanced,3,it,2021-03-28,tv,6269,5,2023,2023-11,2023Q4
2023-11-09,222,hatha,108,it,advanced,2,it,2021-05-05,pc,3283,2,2023,2023-11,2023Q4
2023-08-23,182,vinyasa,120,fr,basic,0,fr,2020-03-14,tv,4138,4,2023,2023-08,2023Q3
2022-01-28,218,hatha,112,it,advanced,0,it,2021-02-16,mobile,3258,3,2022,2022-01,2022Q1
2023-07-14,104,vinyasa,118,fr,basic,0,fr,2022-04-11,tv,4173,3,2023,2023-07,2023Q3
2023-03-27,125,power yoga,116,it,basic,1,it,2021-04-17,tv,6112,4,2023,2023-03,2023Q1
2022-03-01,138,vinyasa,115,en,basic,3,uk,2020-04-06,tv,4184,1,2022,2022-03,2022Q1
2022-01-05,18,meditation,108,it,basic,1,it,2021-12-14,pc,2180,1,2022,2022-01,2022Q1
2023-03-22,142,vinyasa,122,it,basic,2,it,2022-05-20,pc,418,1,2023,2023-03,2023Q1
2023-04-13,92,hatha,103,fr,advanced,0,fr,2021-10-24,mobile,3266,3,2023,2023-04,2023Q2
2023-01-09,47,power yoga,102,it,intermediate,1,it,2022-08-10,tv,6381,5,2023,2023-01,2023Q1
2023-11-12,59,meditation,107,it,basic,1,it,2021-06-25,pc,2136,5,2023,2023-11,2023Q4
2023-11-02,132,vinyasa,101,fr,advanced,1,fr,2022-07-25,tv,422,2,2023,2023-11,2023Q4
2022-08-14,65,vinyasa,119,it,advanced,2,it,2020-05-04,tv,426,5,2022,2022-08,2022Q3
2023-05-23,175,vinyasa,118,it,intermediate,1,it,2021-02-27,pc,4391,4,2023,2023-05,2023Q2
2023-10-08,106,vinyasa,115,it,intermediate,2,it,2022-12-23,tv,4353,4,2023,2023-10,2023Q4
2022-07-22,16,meditation,114,it,advanced,2,it,2020-04-02,pc,228,1,2022,2022-07,2022Q3
2023-02-26,86,power yoga,115,it,intermediate,3,it,2022-11-14,pc,6385,2,2023,2023-02,2023Q1
2022-09-28,136,power yoga,109,it,advanced,2,it,2021-05-07,tv,6284,2,2022,2022-09,2022Q3
2022-12-27,40,meditation,114,it,basic,2,it,2021-09-08,mobile,2163,1,2022,2022-12,2022Q4
2023-11-22,97,vinyasa,101,en,advanced,1,uk,2021-05-21,tv,4213,5,2023,2023-11,2023Q4
2023-04-15,105,power yoga,110,en,advanced,3,uk,2022-01-25,pc,6229,3,2023,2023-04,2023Q2
2022-04-16,216,power yoga,106,it,intermediate,2,it,2021-10-08,tv,6340,4,2022,2022-04,2022Q2
2021-07-11,60,power yoga,116,en,advanced,0,uk,2020-11-10,tv,6282,1,2021,2021-07,2021Q3
2023-01-08,185,hatha,119,it,advanced,2,it,2020-10-21,pc,329,3,2023,2023-01,2023Q1
2023-06-25,102,power yoga,105,en,advanced,3,uk,2021-05-10,mobile,6217,4,2023,2023-06,2023Q2
2022-11-21,87,power yoga,107,en,intermediate,0,uk,2021-09-12,tv,6330,1,2022,2022-11,2022Q4
2023-03-06,156,power yoga,115,fr,advanced,2,fr,2022-02-18,pc,6263,4,2023,2023-03,2023Q1
2023-12-06,168,power yoga,121,it,basic,3,it,2022-10-15,mobile,6117,3,2023,2023-12,2023Q4
2023-02-22,54,power yoga,105,fr,basic,1,fr,2022-05-02,pc,614,1,2023,2023-02,2023Q1
2023-02-18,53,power yoga,120,it,advanced,3,it,2020-10-08,tv,6283,1,2023,2023-02,2023Q1
2023-11-18,64,power yoga,112,it,basic,1,it,2022-11-04,mobile,6142,5,2023,2023-11,2023Q4
2023-11-14,115,hatha,113,fr,advanced,2,fr,2020-01-08,pc,3287,4,2023,2023-11,2023Q4
2021-03-21,65,power yoga,101,en,advanced,2,uk,2020-05-04,mobile,6237,4,2021,2021-03,2021Q1
2021-09-01,66,vinyasa,105,en,basic,1,uk,2020-03-19,pc,4171,2,2021,2021-09,2021Q3
2021-08-08,98,power yoga,109,fr,intermediate,0,fr,2020-09-26,mobile,6338,3,2021,2021-08,2021Q3
2022-05-15,29,meditation,100,en,basic,2,uk,2021-07-06,tv,2169,4,2022,2022-05,2022Q2
2021-08-10,85,power yoga,118,it,advanced,2,it,2020-03-28,pc,6237,4,2021,2021-08,2021Q3
2023-08-09,127,vinyasa,112,en,advanced,1,uk,2021-05-26,tv,4245,2,2023,2023-08,2023Q3
2022-04-17,216,power yoga,111,fr,intermediate,0,fr,2021-10-08,tv,635,3,2022,2022-04,2022Q2
2022-07-20,181,vinyasa,116,it,basic,1,it,2020-12-09,pc,4168,2,2022,2022-07,2022Q3
2023-08-21,131,power yoga,106,en,advanced,0,uk,2022-03-26,mobile,6274,1,2023,2023-08,2023Q3
2023-10-07,215,vinyasa,115,it,advanced,2,it,2022-05-05,mobile,4271,5,2023,2023-10,2023Q4
2023-04-17,196,vinyasa,121,fr,basic,2,fr,2022-06-04,mobile,413,4,2023,2023-04,2023Q2
2023-09-03,164,meditation,115,fr,intermediate,1,fr,2021-02-20,tv,2382,5,2023,2023-09,2023Q3
2023-01-20,35,power yoga,102,en,basic,0,uk,2022-07-19,mobile,6121,4,2023,2023-01,2023Q1
2023-02-22,238,hatha,104,en,intermediate,0,uk,2020-09-16,tv,3321,1,2023,2023-02,2023Q1
2023-07-21,227,power yoga,108,en,basic,3,uk,2022-02-17,pc,6160,3,2023,2023-07,2023Q3
2023-05-03,90,vinyasa,112,en,advanced,1,uk,2022-03-13,tv,4283,5,2023,2023-05,2023Q2
2022-10-28,113,power yoga,105,it,advanced,2,it,2021-01-18,pc,6243,4,2022,2022-10,2022Q4
2023-04-12,35,power yoga,117,fr,intermediate,1,fr,2022-07-19,tv,6399,5,2023,2023-04,2023Q2
2022-05-13,53,power yoga,118,en,basic,2,uk,2020-10-08,pc,6146,4,2022,2022-05,2022Q2
2023-11-28,215,vinyasa,122,fr,advanced,0,fr,2022-05-05,tv,4270,2,2023,2023-11,2023Q4
2023-07-14,47,hatha,105,en,basic,2,uk,2022-08-10,mobile,3175,2,2023,2023-07,2023Q3
2023-03-03,123,vinyasa,100,en,basic,0,uk,2021-09-19,mobile,4145,2,2023,2023-03,2023Q1
2022-09-21,30,meditation,119,it,advanced,1,it,2021-01-23,pc,2237,4,2022,2022-09,2022Q3
2023-03-09,185,vinyasa,101,en,basic,0,uk,2020-10-21,mobile,4198,5,2023,2023-03,2023Q1
2022-09-04,1,power yoga,119,it,basic,3,it,2021-05-20,tv,6152,1,2022,2022-09,2022Q3
2022-02-16,85,power yoga,102,en,intermediate,3,uk,2020-03-28,tv,6326,2,2022,2022-02,2022Q1
2023-01-03,133,power yoga,119,en,advanced,3,uk,2022-07-19,pc,6255,1,2023,2023-01,2023Q1
2021-06-21,85,vinyasa,101,en,basic,0,uk,2020-03-28,tv,4111,1,2021,2021-06,2021Q2
2021-10-02,149,hatha,116,en,basic,1,uk,2020-05-11,tv,3168,3,2021,2021-10,2021Q4
2022-03-06,83,power yoga,105,it,advanced,0,it,2020-07-23,tv,6272,4,2022,2022-03,2022Q1
2022-12-09,48,power yoga,116,en,basic,0,uk,2020-10-21,mobile,6111,5,2022,2022-12,2022Q4
2022-05-04,173,meditation,112,en,advanced,3,uk,2021-12-12,mobile,2244,1,2022,2022-05,2022Q2
2023-07-08,35,hatha,115,en,advanced,3,uk,2022-07-19,tv,3293,2,2023,2023-07,2023Q3
2023-04-18,149,power yoga,117,it,intermediate,1,it,2020-05-11,tv,6389,3,2023,2023-04,2023Q2
2023-01-01,62,power yoga,102,fr,advanced,1,fr,2022-09-03,pc,6239,3,2023,2023-01,2023Q1
2022-06-24,212,power yoga,105,it,intermediate,1,it,2020-02-27,pc,6332,5,2022,2022-06,2022Q2
2022-01-09,93,hatha,121,fr,basic,1,fr,2021-07-04,mobile,3115,3,2022,2022-01,2022Q1
2023-03-11,80,hatha,111,fr,basic,1,fr,2021-07-07,tv,3154,3,2023,2023-03,2023Q1
2023-07-02,213,power yoga,115,en,intermediate,3,uk,2021-09-24,pc,637,2,2023,2023-07,2023Q3
2022-08-04,182,power yoga,113,it,advanced,1,it,2020-03-14,tv,624,4,2022,2022-08,2022Q3
2022-12-15,115,vinyasa,119,en,advanced,3,uk,2020-01-08,tv,4258,2,2022,2022-12,2022Q4
2022-04-19,78,vinyasa,111,it,advanced,1,it,2021-02-24,mobile,4214,4,2022,2022-04,2022Q2
2023-06-21,231,power yoga,109,fr,intermediate,1,fr,2022-01-03,tv,6323,4,2023,2023-06,2023Q2
2022-07-27,190,power yoga,105,en,advanced,3,uk,2021-06-28,pc,6232,1,2022,2022-07,2022Q3
2022-04-05,127,meditation,106,it,basic,3,it,2021-05-26,tv,2123,2,2022,2022-04,2022Q2
2023-06-24,28,power yoga,119,it,basic,1,it,2022-06-01,tv,6131,5,2023,2023-06,2023Q2
2022-12-12,59,vinyasa,111,en,basic,3,uk,2021-06-25,tv,4140,2,2022,2022-12,2022Q4
2023-05-10,62,vinyasa,103,it,advanced,3,it,2022-09-03,tv,4254,5,2023,2023-05,2023Q2
2023-12-02,78,meditation,110,it,advanced,2,it,2021-02-24,mobile,2242,3,2023,2023-12,2023Q4
2023-10-08,16,vinyasa,101,en,advanced,0,uk,2020-04-02,tv,4222,2,2023,2023-10,2023Q4
2022-01-22,112,hatha,119,en,intermediate,2,uk,2021-05-21,tv,3313,4,2022,2022-01,2022Q1
2023-08-01,115,vinyasa,108,en,intermediate,3,uk,2020-01-08,pc,4389,1,2023,2023-08,2023Q3
2023-09-26,208,power yoga,105,en,advanced,1,uk,2022-11-20,tv,6252,5,2023,2023-09,2023Q3
2022-02-25,71,vinyasa,110,en,basic,3,uk,2021-05-10,pc,4141,3,2022,2022-02,2022Q1
2023-12-19,68,power yoga,116,it,advanced,1,it,2020-12-14,pc,6238,5,2023,2023-12,2023Q4
2023-09-12,222,vinyasa,116,it,basic,2,it,2021-05-05,tv,4169,2,2023,2023-09,2023Q3
2022-03-06,18,vinyasa,102,fr,advanced,3,fr,2021-12-14,tv,4224,4,2022,2022-03,2022Q1
2023-01-25,212,meditation,116,it,advanced,2,it,2020-02-27,pc,2242,1,2023,2023-01,2023Q1
2022-09-04,244,vinyasa,110,en,intermediate,2,uk,2021-05-25,mobile,4353,3,2022,2022-09,2022Q3
2023-09-22,51,meditation,122,it,intermediate,3,it,2022-07-09,tv,2343,3,2023,2023-09,2023Q3
2023-12-09,176,vinyasa,119,en,advanced,3,uk,2021-01-07,tv,425,3,2023,2023-12,2023Q4
2022-03-20,240,hatha,106,it,advanced,2,it,2021-01-15,pc,3236,1,2022,2022-03,2022Q1
2023-03-03,94,hatha,114,en,advanced,1,uk,2020-03-24,pc,3233,4,2023,2023-03,2023Q1
2023-11-22,39,power yoga,114,it,intermediate,3,it,2020-08-03,mobile,6317,3,2023,2023-11,2023Q4
2023-08-02,80,hatha,101,fr,intermediate,0,fr,2021-07-07,tv,3350,3,2023,2023-08,2023Q3
2022-12-02,204,meditation,105,it,basic,3,it,2021-07-27,tv,2137,5,2022,2022-12,2022Q4
2021-11-02,185,meditation,116,en,basic,3,uk,2020-10-21,pc,2110,3,2021,2021-11,2021Q4
2022-03-23,140,power yoga,120,it,advanced,0,it,2021-10-03,tv,6218,4,2022,2022-03,2022Q1
2023-04-11,226,hatha,108,en,basic,2,uk,2020-10-04,pc,3141,4,2023,2023-04,2023Q2
2023-03-27,158,hatha,108,fr,advanced,1,fr,2020-03-18,pc,3248,4,2023,2023-03,2023Q1
2023-04-28,87,vinyasa,114,fr,advanced,0,fr,2021-09-12,tv,4241,5,2023,2023-04,2023Q2
2023-04-21,217,meditation,117,en,basic,2,uk,2022-02-07,tv,2111,1,2023,2023-04,2023Q2
2023-11-03,10,power yoga,121,it,advanced,3,it,2022-08-05,tv,6232,5,2023,2023-11,2023Q4
2022-06-23,135,power yoga,100,fr,intermediate,1,fr,2021-08-16,mobile,6375,2,2022,2022-06,2022Q2
2021-04-27,3,meditation,107,it,advanced,1,it,2020-07-22,pc,2269,4,2021,2021-04,2021Q2
2023-05-11,72,vinyasa,114,fr,basic,1,fr,2022-10-12,mobile,4159,1,2023,2023-05,2023Q2
2023-12-19,166,vinyasa,101,it,advanced,0,it,2021-07-22,tv,4224,2,2023,2023-12,2023Q4
2022-02-08,235,vinyasa,107,it,basic,0,it,2021-02-11,pc,4139,1,2022,2022-02,2022Q1
2023-09-18,32,power yoga,116,fr,intermediate,3,fr,2022-03-07,tv,6347,3,2023,2023-09,2023Q3
2023-12-28,84,hatha,111,it,basic,1,it,2020-06-09,mobile,3116,1,2023,2023-12,2023Q4
2023-04-28,4,vinyasa,117,it,advanced,3,it,2022-05-10,tv,4262,1,2023,2023-04,2023Q2
2023-02-15,193,power yoga,112,it,basic,2,it,2021-11-14,pc,6135,1,2023,2023-02,2023Q1
2023-09-12,181,hatha,122,fr,basic,3,fr,2020-12-09,mobile,3133,5,2023,2023-09,2023Q3
2022-09-20,71,meditation,107,fr,basic,2,fr,2021-05-10,tv,2178,4,2022,2022-09,2022Q3
2023-05-18,100,power yoga,103,it,advanced,1,it,2022-02-02,pc,629,5,2023,2023-05,2023Q2
2022-11-24,11,power yoga,109,fr,basic,3,fr,2020-11-23,tv,6159,4,2022,2022-11,2022Q4
2023-01-13,28,power yoga,106,it,advanced,3,it,2022-06-01,pc,6263,3,2023,2023-01,2023Q1
2023-10-10,12,power yoga,119,it,advanced,3,it,2022-08-21,tv,622,4,2023,2023-10,2023Q4
2021-02-22,24,power yoga,102,it,advanced,2,it,2020-09-09,tv,6295,1,2021,2021-02,2021Q1
2023-12-16,87,vinyasa,102,it,intermediate,3,it,2021-09-12,pc,4322,4,2023,2023-12,2023Q4
2023-10-04,37,vinyasa,116,en,intermediate,0,uk,2021-09-04,pc,4330,5,2023,2023-10,2023Q4
2022-04-01,11,meditation,104,it,advanced,0,it,2020-11-23,mobile,2225,2,2022,2022-04,2022Q2
2023-04-06,164,power yoga,114,it,advanced,3,it,2021-02-20,tv,6236,3,2023,2023-04,2023Q2
2022-02-26,116,hatha,115,it,advanced,3,it,2021-10-09,tv,3251,2,2022,2022-02,2022Q1
2023-01-25,20,vinyasa,118,en,basic,2,uk,2020-02-10,tv,4143,1,2023,2023-01,2023Q1
2021-09-01,73,hatha,109,it,basic,0,it,2020-11-14,mobile,3190,4,2021,2021-09,2021Q3
2021-05-18,24,hatha,110,fr,advanced,0,fr,2020-09-09,pc,3251,2,2021,2021-05,2021Q2
2023-06-05,45,vinyasa,108,it,advanced,3,it,2022-10-16,tv,4220,1,2023,2023-06,2023Q2
2022-06-23,183,power yoga,117,it,intermediate,0,it,2021-08-20,tv,6311,1,2022,2022-06,2022Q2
2022-06-17,190,power yoga,107,it,intermediate,3,it,2021-06-28,pc,6355,3,2022,2022-06,2022Q2
2022-04-28,120,vinyasa,114,en,advanced,0,uk,2021-09-23,mobile,429,5,2022,2022-04,2022Q2
2023-07-21,192,power yoga,115,it,advanced,3,it,2020-05-01,tv,6299,1,2023,2023-07,2023Q3
2023-06-16,202,hatha,100,it,intermediate,2,it,2020-02-04,tv,3356,4,2023,2023-06,2023Q2
2022-12-20,93,power yoga,104,fr,basic,1,fr,2021-07-04,pc,6158,2,2022,2022-12,2022Q4
2021-07-09,77,power yoga,122,fr,basic,1,fr,2020-06-01,pc,6136,3,2021,2021-07,2021Q3
2023-02-26,2,hatha,109,it,advanced,3,it,2022-01-06,pc,3212,4,2023,2023-02,2023Q1
2021-03-02,181,power yoga,103,fr,advanced,2,fr,2020-12-09,tv,6262,5,2021,2021-03,2021Q1
2023-07-05,2,power yoga,109,it,intermediate,2,it,2022-01-06,mobile,6336,3,2023,2023-07,2023Q3
2023-09-16,237,hatha,118,en,advanced,3,uk,2022-03-23,pc,3250,3,2023,2023-09,2023Q3
2022-09-08,103,power yoga,103,en,intermediate,0,uk,2020-03-25,tv,6333,1,2022,2022-09,2022Q3
2023-09-16,38,vinyasa,104,en,advanced,0,uk,2021-01-02,pc,4258,2,2023,2023-09,2023Q3
2022-12-05,176,vinyasa,114,fr,intermediate,0,fr,2021-01-07,tv,4379,5,2022,2022-12,2022Q4
2022-06-08,23,power yoga,119,it,intermediate,2,it,2021-09-20,tv,6387,2,2022,2022-06,2022Q2
2023-08-19,33,meditation,111,en,basic,2,uk,2022-07-02,pc,2157,1,2023,2023-08,2023Q3
2022-11-07,240,meditation,121,it,basic,2,it,2021-01-15,pc,2171,1,2022,2022-11,2022Q4
2023-07-17,105,vinyasa,109,fr,advanced,2,fr,2022-01-25,tv,4224,3,2023,2023-07,2023Q3
2022-03-12,214,vinyasa,121,it,advanced,1,it,2020-03-24,mobile,4264,5,2022,2022-03,2022Q1
2023-11-21,86,meditation,113,it,basic,3,it,2022-11-14,mobile,2181,4,2023,2023-11,2023Q4
2023-11-24,206,power yoga,114,en,advanced,0,uk,2020-11-07,tv,6216,5,2023,2023-11,2023Q4
2023-11-05,121,power yoga,107,fr,advanced,1,fr,2020-11-03,pc,6215,5,2023,2023-11,2023Q4
2021-07-17,209,meditation,115,en,advanced,0,uk,2020-07-06,pc,225,4,2021,2021-07,2021Q3
2021-07-05,63,power yoga,122,en,intermediate,1,uk,2020-02-27,tv,6388,4,2021,2021-07,2021Q3
2023-11-05,183,power yoga,116,en,advanced,1,uk,2021-08-20,pc,6233,2,2023,2023-11,2023Q4
2023-03-16,52,power yoga,115,it,advanced,1,it,2022-03-15,pc,6210,4,2023,2023-03,2023Q1
2023-03-06,143,power yoga,102,fr,advanced,1,fr,2022-05-22,tv,6265,5,2023,2023-03,2023Q1
2023-06-03,196,hatha,106,fr,basic,2,fr,2022-06-04,tv,3180,3,2023,2023-06,2023Q2
2023-06-01,156,power yoga,112,fr,advanced,1,fr,2022-02-18,tv,6268,5,2023,2023-06,2023Q2
2023-03-27,124,power yoga,111,en,intermediate,0,uk,2022-09-14,tv,6395,2,2023,2023-03,2023Q1
2023-05-04,116,vinyasa,102,fr,intermediate,0,fr,2021-10-09,pc,4384,1,2023,2023-05,2023Q2
2023-02-04,66,vinyasa,120,it,advanced,1,it,2020-03-19,tv,4277,3,2023,2023-02,2023Q1
2023-10-25,245,meditation,100,en,intermediate,3,uk,2022-11-28,mobile,2366,5,2023,2023-10,2023Q4
2022-12-10,38,power yoga,104,it,basic,1,it,2021-01-02,mobile,6197,2,2022,2022-12,2022Q4
2022-04-03,171,meditation,101,fr,intermediate,1,fr,2021-08-09,tv,2339,5,2022,2022-04,2022Q2
2022-11-15,190,meditation,114,it,advanced,1,it,2021-06-28,tv,2274,5,2022,2022-11,2022Q4
2023-12-08,124,power yoga,101,en,advanced,2,uk,2022-09-14,tv,6235,1,2023,2023-12,2023Q4
2023-08-01,65,vinyasa,115,fr,intermediate,0,fr,2020-05-04,tv,4348,2,2023,2023-08,2023Q3
2022-05-03,17,meditation,112,en,intermediate,3,uk,2021-07-02,tv,2313,1,2022,2022-05,2022Q2
2023-04-21,132,vinyasa,119,it,advanced,2,it,2022-07-25,mobile,4284,4,2023,2023-04,2023Q2
2022-04-14,240,vinyasa,120,fr,advanced,0,fr,2021-01-15,pc,4295,2,2022,2022-04,2022Q2
2021-10-11,79,vinyasa,110,it,intermediate,2,it,2020-12-12,tv,4378,3,2021,2021-10,2021Q4
2023-07-15,244,hatha,117,fr,advanced,0,fr,2021-05-25,tv,3250,3,2023,2023-07,2023Q3
2023-07-01,100,meditation,111,en,basic,1,uk,2022-02-02,mobile,2139,4,2023,2023-07,2023Q3
2023-09-01,143,hatha,118,it,intermediate,1,it,2022-05-22,pc,3398,2,2023,2023-09,2023Q3
2023-02-09,158,power yoga,119,en,intermediate,3,uk,2020-03-18,mobile,6362,2,2023,2023-02,2023Q1
2023-05-02,99,power yoga,100,fr,basic,2,fr,2022-01-20,mobile,6163,2,2023,2023-05,2023Q2
2022-05-01,20,power yoga,105,en,advanced,3,uk,2020-02-10,pc,6280,4,2022,2022-05,2022Q2
2022-12-13,58,hatha,108,en,basic,0,uk,2021-11-18,mobile,314,5,2022,2022-12,2022Q4
2023-01-21,17,vinyasa,111,it,advanced,0,it,2021-07-02,tv,4214,3,2023,2023-01,2023Q1
2021-07-18,181,hatha,118,it,advanced,3,it,2020-12-09,mobile,326,1,2021,2021-07,2021Q3
2021-08-14,65,hatha,109,en,intermediate,3,uk,2020-05-04,tv,3344,4,2021,2021-08,2021Q3
2022-06-23,160,vinyasa,107,en,basic,2,uk,2021-01-01,pc,4127,3,2022,2022-06,2022Q2
2022-08-12,136,power yoga,105,it,basic,3,it,2021-05-07,tv,6194,3,2022,2022-08,2022Q3
2021-06-02,139,vinyasa,115,fr,basic,3,fr,2020-03-28,tv,4199,5,2021,2021-06,2021Q2
2022-05-01,150,meditation,115,fr,intermediate,3,fr,2021-04-01,pc,2322,2,2022,2022-05,2022Q2
2023-11-07,120,power yoga,119,it,advanced,2,it,2021-09-23,tv,6269,3,2023,2023-11,2023Q4
2022-05-08,138,vinyasa,121,fr,advanced,1,fr,2020-04-06,pc,4229,4,2022,2022-05,2022Q2
2023-11-11,100,power yoga,101,it,basic,0,it,2022-02-02,tv,6149,4,2023,2023-11,2023Q4
2023-12-12,20,meditation,102,en,intermediate,3,uk,2020-02-10,pc,2319,5,2023,2023-12,2023Q4
2022-12-24,7,vinyasa,113,en,basic,3,uk,2021-09-01,mobile,4118,5,2022,2022-12,2022Q4
2023-05-11,104,hatha,107,fr,intermediate,2,fr,2022-04-11,tv,3371,4,2023,2023-05,2023Q2
2023-02-20,162,vinyasa,106,fr,advanced,0,fr,2022-09-06,tv,4295,3,2023,2023-02,2023Q1
2022-03-21,107,hatha,111,en,advanced,1,uk,2020-11-14,pc,3295,2,2022,2022-03,2022Q1
2023-03-17,223,power yoga,116,en,basic,1,uk,2020-12-01,tv,6137,5,2023,2023-03,2023Q1
2023-03-21,59,vinyasa,102,en,advanced,2,uk,2021-06-25,pc,4298,5,2023,2023-03,2023Q1
2023-08-23,88,vinyasa,114,en,advanced,3,uk,2022-11-12,mobile,4241,1,2023,2023-08,2023Q3
2023-07-14,167,power yoga,106,en,advanced,0,uk,2022-09-27,pc,6294,2,2023,2023-07,2023Q3
2022-12-12,44,hatha,121,en,intermediate,1,uk,2020-12-09,tv,3363,2,2022,2022-12,2022Q4
2023-03-14,137,power yoga,104,en,intermediate,1,uk,2022-03-01,tv,6314,1,2023,2023-03,2023Q1
2022-01-28,144,hatha,118,it,advanced,1,it,2020-04-13,pc,328,4,2022,2022-01,2022Q1
2021-11-04,145,vinyasa,100,it,basic,0,it,2020-01-13,tv,4190,4,2021,2021-11,2021Q4
2023-10-13,167,vinyasa,108,it,basic,1,it,2022-09-27,tv,4195,3,2023,2023-10,2023Q4
2022-09-25,205,power yoga,120,it,basic,0,it,2021-01-22,tv,6155,4,2022,2022-09,2022Q3
2021-09-13,11,meditation,122,it,intermediate,0,it,2020-11-23,mobile,2339,4,2021,2021-09,2021Q3
2023-02-13,237,power yoga,113,en,basic,1,uk,2022-03-23,mobile,6136,3,2023,2023-02,2023Q1
2023-03-09,131,meditation,109,it,basic,0,it,2022-03-26,pc,2186,2,2023,2023-03,2023Q1
2023-11-07,131,power yoga,109,it,basic,1,it,2022-03-26,mobile,6117,3,2023,2023-11,2023Q4
2023-12-05,45,power yoga,115,fr,advanced,2,fr,2022-10-16,tv,6270,1,2023,2023-12,2023Q4
2023-12-11,189,meditation,115,it,basic,2,it,2021-06-05,tv,2141,3,2023,2023-12,2023Q4
2023-05-11,236,vinyasa,118,fr,advanced,1,fr,2022-05-19,tv,4253,3,2023,2023-05,2023Q2
2023-08-08,209,meditation,105,it,intermediate,1,it,2020-07-06,pc,2369,1,2023,2023-08,2023Q3
2021-02-02,182,power yoga,118,en,basic,3,uk,2020-03-14,mobile,6110,5,2021,2021-02,2021Q1
2022-10-25,63,vinyasa,120,fr,basic,2,fr,2020-02-27,mobile,4181,2,2022,2022-10,2022Q4
2023-07-03,49,vinyasa,110,it,advanced,0,it,2020-10-24,tv,4284,4,2023,2023-07,2023Q3
2023-11-20,70,meditation,100,it,basic,0,it,2021-12-03,tv,2149,1,2023,2023-11,2023Q4
